"Title","M&A : Domestic : Number of companies acquired","M&A : Domestic : Value of ordinary shares : £m","M&A : Domestic : Value of preference & loan stock : £m","M&A : Outward : Number of acquisitions","M&A : Outward : Number of disposals","M&A : Inward : Number of acquisitions","M&A : Inward : Number of disposals","M&A : Outward : Number of acquisitions in EU : Annual","M&A : Outward : Value of acquisitions in EU : Annual : £m","M&A : Outward : Number of acquisitions in USA : Annual","M&A : Outward : Value of acquisitions in USA : Annual : £m","M&A : Outward : Value of acquisitions : £m","M&A : Outward : Number of disposals in EU : Annual","M&A : Outward : Value of disposals in EU : Annual : £m","M&A : Outward : Number of disposals in USA : Annual","M&A : Outward : Value of disposals in USA : Annual : £m","M&A : Outward : Value of disposals : £m","M&A : Outward : Number of acquisitions - direct transactions : Annual","M&A : Outward : Value of acquisitions - direct transactions : Annual : £m","M&A : Outward : Number of acquisitions - indirect funded in UK : Annual","M&A : Outward : Value of acquisitions - indirect funded in UK : Annual : £m","M&A : Outward : Number of acquisitions - indirect funded locally : Annual","M&A : Outward : Value of acquisitions - indirect funded locally : Annual : £m","M&A : Outward : Number of disposals - direct transactions : Annual","M&A : Outward : Value of disposals - direct transactions : Annual : £m","M&A : Outward : Number of disposals - indirect funded in UK : Annual","M&A : Outward : Value of disposals - indirect funded in UK : Annual : £m","M&A : Outward : Number of disposals - indirect funded locally : Annual","M&A : Outward : Value of disposals - indirect funded locally : Annual : £m","M&A : Inward : Number of acquisitions in EU : Annual","M&A : Inward : Value of acquisitions in EU : Annual : £m","M&A : Inward : Number of acquisitions in USA : Annual","M&A : Inward : Value of acquisitions in USA : Annual : £m","M&A : Inward : Value of acquisitions : £m","M&A : Inward : Number of disposals in EU : Annual","M&A : Inward : Value of disposals in EU : Annual : £m","M&A : Inward : Number of disposals in USA : Annual","M&A : Inward : Value of disposals in USA : Annual : £m","M&A : Inward : Value of disposals : £m","M&A : Inward : Number of acquisitions - direct transactions : Annual","M&A : Inward : Value of acquisitions - direct transactions : Annual : £m","M&A : Inward : Number of acquisitions - indirect by overseas parent : Annual","M&A : Inward : Value of acquisitions - indirect by overseas parent : Annual : £m","M&A : Inward : Number of acquisitions - indirect funded locally : Annual","M&A : Inward : Value of acquisitions - indirect funded locally : Annual : £m","M&A : Inward : Number of disposals - direct transactions : Annual","M&A : Inward : Value of disposals - direct transactions : Annual : £m","M&A : Inward : Number of disposals - indirect by overseas parent : Annual","M&A : Inward : Value of disposals - indirect by overseas parent : Annual : £m","M&A : Inward : Number of disposals - indirect funded locally : Annual","M&A : Inward : Value of disposals - indirect funded locally : Annual : £m","M&A : Domestic : Total expenditure - (Initial plus deferred payments) : £m","M&A : Domestic : M&A of independents : number acquired","M&A : Domestic : Sales of subsidiaries between groups : number acquired","M&A : Domestic : Cash expenditure on M&A of independent companies : £m","M&A : Domestic : Cash expenditure on M&A of subsidiaries : £m","M&A : Domestic : Percentage of M&A in cash","M&A : Domestic : Percentage of M&A in ordinary shares","M&A : Domestic : Percentage of M&A in fixed interest securities","Europe Total Inward Acquisitions Number","Europe Total Inward Acquisitions Value: £m","Europe Total Inward Disposals Number","Europe Total Inward Disposals Value: £m","Europe Total Outward Acquisitions Number","Europe Total Outward Acquisitions Value :£m","Europe Total Outward Disposals Number","Europe Total Outward Disposals Value :£m","Other Europe Inward Acquisitions Number","Other Europe Inward Acquisitions Value :£m","Other Europe Inward Disposals Number","Other Europe Inward Disposals Value :£m","Other Europe Outward Acquisitions Number","Other Europe Outward Acquisitions Value :£m","Other Europe Outward Disposals Number","Other Europe Outward Disposals Value :£m","Other Americas Inward Acquisitions Number","Other Americas Inward Acquisitions Value :£m","Other Americas Inward Disposals Number","Other Americas Inward Disposals Value :£m","Other Americas Outward Acquisitions Number","Other Americas Outward Acquisitions Value :£m","Other Americas Outward Disposals Number","Other Americas Outward Disposals Value :£m","Americas Total Inward Acquisitions Number","Americas Total Inward Acquisitions Value :£m","Americas Total Inward Disposals Number","Americas Total Inward Disposals Value :£m","Americas Total Outward Acquisitions Number","Americas Total Outward Acquisitions Value :£m","Americas Total Outward Disposals Number","Americas Total Outward Disposals Value :£m","Asia Inward Acquisitions Number","Asia Inward Acquisitions Value :£m","Asia Inward Disposals Number","Asia Inward Disposals Value :£m","Asia Outward Acquisitions Number","Asia Outward Acquisitions Value :£m","Asia Outward Disposals Number","Asia Ouward Disposals Value :£m","Australasia & Oceania Inward Acquisitions Number","Australasia & Oceania Inward Acquisitions Value :£m","Australasia & Oceania Inward Disposals Number","Australasia & Oceania Inward Disposals Value :£m","Australasia & Oceania Outward Acquisitions Number","Australasia & Oceania Outward Acquisitions Value :£m","Australasia & Oceania Outward Disposals Number","Australasia & Oceania Outward Disposals Value :£m","Africa Inward Acquisitions Number","Africa Inward Acquisitions Value :£m","Africa Inward Disposals Number","Africa Inward Disposals Value :£m","Africa Outward Acquisitions Number","Africa Outward Acquisitions Value :£m","Africa Outward Disposals Number","Africa Outward Disposals Value :£m","M&A : Domestic : M&A of independents : Total payments : £m","M&A : Domestic : Sales of subsidiaries between groups : Total payments : £m"
"CDID","AIHA","AIHD","AIHE","CBAQ","CBAS","CBAU","CBAW","CBAY","CBAZ","CBBA","CBBB","CBBI","CBBJ","CBBK","CBBL","CBBM","CBBT","CBBU","CBBV","CBBW","CBBX","CBBY","CBBZ","CBCA","CBCB","CBCC","CBCD","CBCE","CBCF","CBCG","CBCH","CBCI","CBCJ","CBCQ","CBCR","CBCS","CBCT","CBCU","CBDB","CBDC","CBDD","CBHZ","CBIA","CBIB","CBIC","CBID","CBIE","CBIF","CBIG","CBIH","CBII","DUCM","DWVH","DWVL","DWVW","DWVX","DWVY","DWVZ","DWWA","HCI7","HCI8","HCI9","HCJ2","HCJ3","HCJ4","HCJ5","HCJ6","HCJ7","HCJ8","HCJ9","HCK2","HCK3","HCK4","HCK5","HCK6","HCK7","HCK8","HCK9","HCL2","HCL3","HCL4","HCL5","HCL6","HCL7","HCL8","HCL9","HCM2","HCM3","HCM4","HCM5","HCM6","HCM7","HCM8","HCM9","HCN2","HCN3","HCN4","HCN5","HCN6","HCN7","HCN8","HCN9","HCO2","HCO3","HCO4","HCO5","HCO6","HCO7","HCO8","HCO9","HCP2","HCP3","HCP4","HCP5","HCP6","HIKB","HIKC"
"PreUnit","","£","£","","","","","","","","","£","","","","","£","","","","","","","","","","","","","","","","","£","","","","","£","","","","","","","","","","","","","£","","","£","£","","","","","","","","","","","","","","","","","","","","","","","","","","","","","","","","","","","","","","","","","","","","","","","","","","","","","","","","","","","","£","£"
"Unit","","m","m","","","","","","","","","m","","","","","m","","","","","","","","","","","","","","","","","m","","","","","m","","","","","","","","","","","","","m","","","m","m","%","%","%","","","","","","","","","","","","","","","","","","","","","","","","","","","","","","","","","","","","","","","","","","","","","","","","","","","","","","","","","m","m"
"Release Date","02-06-2026","02-06-2026","02-06-2026","02-06-2026","02-06-2026","02-06-2026","02-06-2026","02-06-2026","02-06-2026","02-06-2026","02-06-2026","02-06-2026","02-06-2026","02-06-2026","02-06-2026","02-06-2026","02-06-2026","02-06-2026","02-06-2026","02-06-2026","02-06-2026","02-06-2026","02-06-2026","02-06-2026","02-06-2026","02-06-2026","02-06-2026","02-06-2026","02-06-2026","02-06-2026","02-06-2026","02-06-2026","02-06-2026","02-06-2026","02-06-2026","02-06-2026","02-06-2026","02-06-2026","02-06-2026","02-06-2026","02-06-2026","02-06-2026","02-06-2026","02-06-2026","02-06-2026","02-06-2026","02-06-2026","02-06-2026","02-06-2026","02-06-2026","02-06-2026","02-06-2026","02-06-2026","02-06-2026","02-06-2026","02-06-2026","02-06-2026","02-06-2026","02-06-2026","02-06-2026","02-06-2026","02-06-2026","02-06-2026","02-06-2026","02-06-2026","02-06-2026","02-06-2026","02-06-2026","02-06-2026","02-06-2026","02-06-2026","02-06-2026","02-06-2026","02-06-2026","02-06-2026","02-06-2026","02-06-2026","02-06-2026","02-06-2026","02-06-2026","02-06-2026","02-06-2026","02-06-2026","02-06-2026","02-06-2026","02-06-2026","02-06-2026","02-06-2026","02-06-2026","02-06-2026","02-06-2026","02-06-2026","02-06-2026","02-06-2026","02-06-2026","02-06-2026","02-06-2026","02-06-2026","02-06-2026","02-06-2026","02-06-2026","02-06-2026","02-06-2026","02-06-2026","02-06-2026","02-06-2026","02-06-2026","02-06-2026","02-06-2026","02-06-2026","02-06-2026","02-06-2026","02-06-2026","02-06-2026","02-06-2026","02-06-2026","02-06-2026"
"Next release","1 September 2026","1 September 2026","1 September 2026","1 September 2026","1 September 2026","1 September 2026","1 September 2026","1 September 2026","1 September 2026","1 September 2026","1 September 2026","1 September 2026","1 September 2026","1 September 2026","1 September 2026","1 September 2026","1 September 2026","1 September 2026","1 September 2026","1 September 2026","1 September 2026","1 September 2026","1 September 2026","1 September 2026","1 September 2026","1 September 2026","1 September 2026","1 September 2026","1 September 2026","1 September 2026","1 September 2026","1 September 2026","1 September 2026","1 September 2026","1 September 2026","1 September 2026","1 September 2026","1 September 2026","1 September 2026","1 September 2026","1 September 2026","1 September 2026","1 September 2026","1 September 2026","1 September 2026","1 September 2026","1 September 2026","1 September 2026","1 September 2026","1 September 2026","1 September 2026","1 September 2026","1 September 2026","1 September 2026","1 September 2026","1 September 2026","1 September 2026","1 September 2026","1 September 2026","1 September 2026","1 September 2026","1 September 2026","1 September 2026","1 September 2026","1 September 2026","1 September 2026","1 September 2026","1 September 2026","1 September 2026","1 September 2026","1 September 2026","1 September 2026","1 September 2026","1 September 2026","1 September 2026","1 September 2026","1 September 2026","1 September 2026","1 September 2026","1 September 2026","1 September 2026","1 September 2026","1 September 2026","1 September 2026","1 September 2026","1 September 2026","1 September 2026","1 September 2026","1 September 2026","1 September 2026","1 September 2026","1 September 2026","1 September 2026","1 September 2026","1 September 2026","1 September 2026","1 September 2026","1 September 2026","1 September 2026","1 September 2026","1 September 2026","1 September 2026","1 September 2026","1 September 2026","1 September 2026","1 September 2026","1 September 2026","1 September 2026","1 September 2026","1 September 2026","1 September 2026","1 September 2026","1 September 2026","1 September 2026","1 September 2026","1 September 2026","1 September 2026"
"Important Notes","","","","","","","","","","","","","","","","","","","","","","","","","","","","","","","","","","","","","","","","","","","","","","","","","","","","","","","","","","","","","","","","","","","","","","","","","","","","","","","","","","","","","","","","","","","","","","","","","","","","","","","","","","","","","","","","","","","","",""
"1969","846","","","","","","","","","","","","","","","","","","","","","","","","","","","","","","","","","","","","","","","","","","","","","","","","","","","1069","","","","","","","","","","","","","","","","","","","","","","","","","","","","","","","","","","","","","","","","","","","","","","","","","","","","","","","","","","","","","","","","",""
"1970","793","","","","","","","","","","","","","","","","","","","","","","","","","","","","","","","","","","","","","","","","","","","","","","","","","","","1122","","","","","","","","","","","","","","","","","","","","","","","","","","","","","","","","","","","","","","","","","","","","","","","","","","","","","","","","","","","","","","","","",""
"1971","884","","","","","","","","","","","","","","","","","","","","","","","","","","","","","","","","","","","","","","","","","","","","","","","","","","","911","","","","","","","","","","","","","","","","","","","","","","","","","","","","","","","","","","","","","","","","","","","","","","","","","","","","","","","","","","","","","","","","",""
"1972","1210","1459","580","","","","","","","","","","","","","","","","","","","","","","","","","","","","","","","","","","","","","","","","","","","","","","","","","2532","938","272","373","120","","","","","","","","","","","","","","","","","","","","","","","","","","","","","","","","","","","","","","","","","","","","","","","","","","","","","","","","","","","","",""
"1973","1205","466","147","","","","","","","","","","","","","","","","","","","","","","","","","","","","","","","","","","","","","","","","","","","","","","","","","1304","951","254","473","218","","","","","","","","","","","","","","","","","","","","","","","","","","","","","","","","","","","","","","","","","","","","","","","","","","","","","","","","","","","","",""
"1974","504","114","47","","","","","","","","","","","","","","","","","","","","","","","","","","","","","","","","","","","","","","","","","","","","","","","","","508","367","137","284","63","","","","","","","","","","","","","","","","","","","","","","","","","","","","","","","","","","","","","","","","","","","","","","","","","","","","","","","","","","","","",""
"1975","315","93","25","","","","","","","","","","","","","","","","","","","","","","","","","","","","","","","","","","","","","","","","","","","","","","","","","291","200","115","113","60","","","","","","","","","","","","","","","","","","","","","","","","","","","","","","","","","","","","","","","","","","","","","","","","","","","","","","","","","","","","",""
"1976","353","120","7","","","","","","","","","","","","","","","","","","","","","","","","","","","","","","","","","","","","","","","","","","","","","","","","","448","242","111","240","81","","","","","","","","","","","","","","","","","","","","","","","","","","","","","","","","","","","","","","","","","","","","","","","","","","","","","","","","","","","","",""
"1977","481","304","8","","","","","","","","","","","","","","","","","","","","","","","","","","","","","","","","","","","","","","","","","","","","","","","","","824","372","109","433","79","","","","","","","","","","","","","","","","","","","","","","","","","","","","","","","","","","","","","","","","","","","","","","","","","","","","","","","","","","","","",""
"1978","567","463","23","","","","","","","","","","","","","","","","","","","","","","","","","","","","","","","","","","","","","","","","","","","","","","","","","1140","441","126","505","149","","","","","","","","","","","","","","","","","","","","","","","","","","","","","","","","","","","","","","","","","","","","","","","","","","","","","","","","","","","","",""
"1979","534","515","208","","","","","","","","","","","","","","","","","","","","","","","","","","","","","","","","","","","","","","","","","","","","","","","","","1656","417","117","780","153","","","","","","","","","","","","","","","","","","","","","","","","","","","","","","","","","","","","","","","","","","","","","","","","","","","","","","","","","","","","",""
"1980","469","669","46","","","","","","","","","","","","","","","","","","","","","","","","","","","","","","","","","","","","","","","","","","","","","","","","","1475","368","101","623","137","","","","","","","","","","","","","","","","","","","","","","","","","","","","","","","","","","","","","","","","","","","","","","","","","","","","","","","","","","","","",""
"1981","452","338","31","","","","","","","","","","","","","","","","","","","","","","","","","","","","","","","","","","","","","","","","","","","","","","","","","1144","327","125","545","230","","","","","","","","","","","","","","","","","","","","","","","","","","","","","","","","","","","","","","","","","","","","","","","","","","","","","","","","","","","","",""
"1982","463","701","222","","","","","","","","","","","","","","","","","","","","","","","","","","","","","","","","","","","","","","","","","","","","","","","","","2206","299","164","641","642","","","","","","","","","","","","","","","","","","","","","","","","","","","","","","","","","","","","","","","","","","","","","","","","","","","","","","","","","","","","",""
"1983","447","1261","56","","","","","","","","","","","","","","","","","","","","","","","","","","","","","","","","","","","","","","","","","","","","","","","","","2343","305","142","689","337","","","","","","","","","","","","","","","","","","","","","","","","","","","","","","","","","","","","","","","","","","","","","","","","","","","","","","","","","","","","",""
"1984","568","1838","690","","","","","","","","","","","","","","","","","","","","","","","","","","","","","","","","","","","","","","","","","","","","","","","","","5474","398","170","2120","826","","","","","","","","","","","","","","","","","","","","","","","","","","","","","","","","","","","","","","","","","","","","","","","","","","","","","","","","","","","","",""
"1985","474","3708","525","","","","","","","","","","","","","","","","","","","","","","","","","","","","","","","","","","","","","","","","","","","","","","","","","7090","340","134","2473","384","","","","","","","","","","","","","","","","","","","","","","","","","","","","","","","","","","","","","","","","","","","","","","","","","","","","","","","","","","","","",""
"1986","842","8761","2548","","","54","","","","","","","","","","","","","","","","","","","","","","","","14","1097","18","265","1552","","","","","","42","1077","3","119","10","359","11","448","1","86","1","2","15370","621","221","1669","2393","","","","","","","","","","","","","","","","","","","","","","","","","","","","","","","","","","","","","","","","","","","","","","","","","","","","","","","","","","","","",""
"1987","1528","9974","893","431","118","61","15","124","1615","195","9141","12058","30","613","36","2781","3961","292","6136","61","3377","97","2547","92","1257","6","160","22","2544","12","979","22","225","2701","3","282","8","898","1198","52","1935","3","433","7","335","13","1059","0","0","2","139","16539","1188","340","3192","2519","35","60","5","0","0","0","0","0","0","0","0","0","0","0","0","0","0","0","0","0","0","0","0","0","0","0","0","0","0","0","0","0","0","0","0","0","0","0","0","0","0","0","0","0","0","0","0","0","0","0","0","0","0","0","0","0","0","0","0","11871","4667"
"1988","1499","4993","1853","648","112","99","16","179","1758","320","13729","17300","23","172","45","3139","3880","442","6310","124","4375","132","6616","76","2375","4","99","38","1406","33","1158","25","872","5690","2","78","7","151","668","78","2301","15","341","11","3049","9","488","0","0","8","181","22839","1123","376","11572","4421","70","22","8","0","0","0","0","0","0","0","0","0","0","0","0","0","0","0","0","0","0","0","0","0","0","0","0","0","0","0","0","0","0","0","0","0","0","0","0","0","0","0","0","0","0","0","0","0","0","0","0","0","0","0","0","0","0","0","0","17307","5532"
"1989","1337","3520","1374","681","134","168","17","283","2730","266","17544","22622","28","494","60","1785","3659","434","6593","111","4956","193","11073","111","2980","2","30","24","649","59","3831","42","5475","12130","4","845","9","1802","3017","122","6196","41","4608","9","1327","15","2678","0","0","2","339","27250","896","441","17049","5307","82","13","5","0","0","0","0","0","0","0","0","0","0","0","0","0","0","0","0","0","0","0","0","0","0","0","0","0","0","0","0","0","0","0","0","0","0","0","0","0","0","0","0","0","0","0","0","0","0","0","0","0","0","0","0","0","0","0","0","21572","5677"
"1990","779","1533","393","586","134","143","19","245","3943","183","7169","12952","47","1479","40","3986","6175","433","7092","68","3339","128","2521","101","3162","3","5","33","3008","53","3409","32","1785","10958","1","8","7","320","1200","113","7006","35","2925","23","1029","13","1118","1","8","5","75","8329","437","342","3731","2671","77","18","5","0","0","0","0","0","0","0","0","0","0","0","0","0","0","0","0","0","0","0","0","0","0","0","0","0","0","0","0","0","0","0","0","0","0","0","0","0","0","0","0","0","0","0","0","0","0","0","0","0","0","0","0","0","0","0","0","5388","2941"
"1991","506","3034","121","550","157","146","17","208","3839","144","4043","9688","48","398","50","942","1757","461","8037","55","891","97","764","140","1297","4","50","19","410","61","1749","39","1782","6667","6","53","7","879","1027","120","3679","10","589","23","2400","15","488","0","0","3","539","10434","292","214","4482","2796","70","29","1","0","0","0","0","0","0","0","0","0","0","0","0","0","0","0","0","0","0","0","0","0","0","0","0","0","0","0","0","0","0","0","0","0","0","0","0","0","0","0","0","0","0","0","0","0","0","0","0","0","0","0","0","0","0","0","0","7487","2945"
"1992","432","2122","47","679","219","210","29","272","2994","138","2139","7264","78","1180","59","1158","3536","578","5766","45","578","67","921","180","2758","5","33","38","745","96","1603","64","1591","4139","11","601","7","206","1407","171","3157","15","220","38","762","17","859","0","0","13","548","5941","232","200","2028","1744","64","36","1","0","0","0","0","0","0","0","0","0","0","0","0","0","0","0","0","0","0","0","0","0","0","0","0","0","0","0","0","0","0","0","0","0","0","0","0","0","0","0","0","0","0","0","0","0","0","0","0","0","0","0","0","0","0","0","0","4108","1833"
"1993","526","1162","211","521","221","267","73","206","2978","136","4683","9213","70","860","70","2369","4779","380","5971","46","911","86","2331","172","3509","2","7","35","1264","67","941","128","2764","5187","28","305","26","400","1111","204","3874","19","225","45","1087","58","689","4","126","15","295","7063","337","189","1799","3891","81","17","3","0","0","0","0","0","0","0","0","0","0","0","0","0","0","0","0","0","0","0","0","0","0","0","0","0","0","0","0","0","0","0","0","0","0","0","0","0","0","0","0","0","0","0","0","0","0","0","0","0","0","0","0","0","0","0","0","2986","4078"
"1994","674","2823","144","422","149","202","38","175","5012","114","8366","15164","50","627","39","2746","5733","296","7853","51","1423","70","5888","124","3934","2","522","26","1277","59","2312","93","2115","5213","15","119","12","342","1476","132","3615","24","883","30","715","25","679","4","105","12","692","8269","465","209","3063","2239","64","34","2","0","0","0","0","0","0","0","0","0","0","0","0","0","0","0","0","0","0","0","0","0","0","0","0","0","0","0","0","0","0","0","0","0","0","0","0","0","0","0","0","0","0","0","0","0","0","0","0","0","0","0","0","0","0","0","0","5743","2526"
"1995","505","6617","459","365","117","131","21","127","2927","130","6979","11967","44","1165","46","4132","5989","275","5174","68","4210","53","2583","89","4191","11","366","27","1432","42","6697","64","4793","12817","10","253","6","801","1511","96","8697","27","2465","26","1655","16","1273","0","0","7","238","32600","299","206","19802","5722","78","20","2","0","0","0","0","0","0","0","0","0","0","0","0","0","0","0","0","0","0","0","0","0","0","0","0","0","0","0","0","0","0","0","0","0","0","0","0","0","0","0","0","0","0","0","0","0","0","0","0","0","0","0","0","0","0","0","0","25647","6953"
"1996","584","10926","265","442","178","133","18","182","3100","108","6754","13377","59","933","52","5929","7807","321","6982","85","3764","64","2631","144","5497","17","1034","35","1276","39","1890","67","5824","9513","9","607","5","265","1033","102","4555","20","1820","21","3138","13","961","1","53","4","19","30742","336","248","11567","7984","64","36","1","0","0","0","0","0","0","0","0","0","0","0","0","0","0","0","0","0","0","0","0","0","0","0","0","0","0","0","0","0","0","0","0","0","0","0","0","0","0","0","0","0","0","0","0","0","0","0","0","0","0","0","0","0","0","0","0","23348","7394"
"1997","506","15583","323","464","176","193","28","183","6564","135","8928","19176","76","2250","39","1786","7348","340","14152","81","2567","70","2457","134","3707","20","1274","39","2367","51","4084","106","9823","15717","11","394","11","645","1478","146","8594","27","3030","31","4093","16","582","5","156","10","740","26829","384","122","6851","4072","41","58","1","0","0","0","0","0","0","0","0","0","0","0","0","0","0","0","0","0","0","0","0","0","0","0","0","0","0","0","0","0","0","0","0","0","0","0","0","0","0","0","0","0","0","0","0","0","0","0","0","0","0","0","0","0","0","0","0","22453","4376"
"1998","635","13160","595","569","218","252","46","225","5642","165","45273","54917","87","2779","52","3907","12814","403","43671","112","7923","88","3323","175","6405","24","1609","41","4800","60","5559","152","21898","32413","22","1623","19","1701","3471","207","21052","38","5991","32","5368","39","3186","1","101","6","184","29525","485","150","10471","5298","53","45","2","0","0","0","0","0","0","0","0","0","0","0","0","0","0","0","0","0","0","0","0","0","0","0","0","0","0","0","0","0","0","0","0","0","0","0","0","0","0","0","0","0","0","0","0","0","0","0","0","0","0","0","0","0","0","0","0","24086","5439"
"1999","493","9592","351","590","198","252","39","218","35016","196","68939","111193","77","2482","65","6408","12586","414","95209","116","9788","108","6196","139","8021","29","1250","52","3315","108","36875","117","22597","60860","17","1433","0","0","5518","179","34888","59","19949","36","6023","22","4323","11","232","12","963","26163","400","93","12605","3615","62","37","1","0","0","0","0","0","0","0","0","0","0","0","0","0","0","0","0","0","0","0","0","0","0","0","0","0","0","0","0","0","0","0","0","0","0","0","0","0","0","0","0","0","0","0","0","0","0","0","0","0","0","0","0","0","0","0","0","22211","3952"
"2000","587","65570","1272","557","168","227","43","231","125868","190","39567","181285","62","4896","61","8097","29857","384","159630","114","12393","93","9262","127","14741","20","","44","8769","105","41554","81","18844","64618","16","3152","15","754","","172","56892","54","4223","34","3503","29","3985","8","471","10","443","106916","466","121","33906","6168","37","62","1","0","0","0","0","0","0","0","0","0","0","0","0","0","0","0","0","0","0","0","0","0","0","0","0","0","0","0","0","0","0","0","0","0","0","0","0","0","0","0","0","0","0","0","0","0","0","0","0","0","0","0","0","0","0","0","0","100513","6403"
"2001","492","12356","1445","371","139","162","62","137","18340","117","9496","41473","61","12040","36","11113","28494","268","29545","90","8003","35","3925","102","22875","17","","40","5037","70","15820","55","7061","24382","23","1638","22","2119","4464","113","11697","33","7797","36","4888","40","1528","7","504","23","2432","28994","319","173","8489","6704","52","43","5","0","0","0","0","0","0","0","0","0","0","0","0","0","0","0","0","0","0","0","0","0","0","0","0","0","0","0","0","0","0","0","0","0","0","0","0","0","0","0","0","0","0","0","0","0","0","0","0","0","0","0","0","0","0","0","0","21029","7965"
"2002","430","6780","891","262","128","117","60","106","10297","69","9804","26626","43","1823","34","3810","7074","185","17000","52","5556","44","4070","103","5709","8","","25","1167","55","11628","45","4192","16798","18","1933","31","4274","7912","93","13729","25","2179","9","890","49","4217","3","85","14","3610","25236","323","107","9574","7991","69","27","4","0","0","0","0","0","0","0","0","0","0","0","0","0","0","0","0","0","0","0","0","0","0","0","0","0","0","0","0","0","0","0","0","0","0","0","0","0","0","0","0","0","0","0","0","0","0","0","0","0","0","0","0","0","0","0","0","16998","8238"
"2003","558","1667","873","243","136","129","55","99","4630","57","12903","20756","47","830","43","2046","8643","161","13043","54","5422","47","2291","105","6920","12","1264","28","459","41","920","49","5803","9309","25","1553","0","0","3620","76","2978","37","3033","34","3298","39","994","5","391","17","2235","18679","392","166","8956","7183","86","9","5","0","0","0","0","0","0","0","0","0","0","0","0","0","0","0","0","0","0","0","0","0","0","0","0","0","0","0","0","0","0","0","0","0","0","0","0","0","0","0","0","0","0","0","0","0","0","0","0","0","0","0","0","0","0","0","0","10954","7725"
"2004","741","10338","1168","305","118","178","54","117","3466","101","10757","18709","40","1078","24","2438","5485","186","9250","69","8076","71","1383","87","3294","17","931","21","1260","51","13936","75","11809","29928","23","1507","21","3064","5514","128","23527","39","2897","36","3504","38","3564","9","369","17","1581","31408","577","164","12080","7822","63","33","4","0","0","0","0","0","0","0","0","0","0","0","0","0","0","0","0","0","0","0","0","0","0","0","0","0","0","0","0","0","0","0","0","0","0","0","0","0","0","0","0","0","0","0","0","0","0","0","0","0","0","0","0","0","0","0","0","22882","8526"
"2005","769","2768","431","365","110","242","61","157","5056","112","15683","32732","47","2059","24","7033","12668","239","20234","69","5511","83","6987","85","6530","13","923","22","5215","89","23907","73","11741","50280","27","1873","15","4736","8387","175","32193","61","11379","45","6708","47","4659","10","1488","17","2240","25134","604","165","13425","8510","87","11","2","113","27485","35","2389","175","6822","58","2168","24","3578","8","516","18","1766","11","109","14","6126","3","0","28","3957","2","9","87","17867","18","4736","140","19640","26","7042","22","1237","3","13","26","2893","12","760","17","3589","4","1242","14","738","5","2238","3","102","0","7","8","2639","9","460","16276","8858"
"2006","779","5472","335","405","89","259","55","131","12966","138","7348","37412","33","3198","25","7273","21214","277","28800","96","5498","54","3114","65","17602","20","1860","21","1752","92","42412","84","7606","77750","16","8670","22","1953","14208","178","53578","63","6123","57","18049","39","6246","12","1923","15","6039","28511","628","151","14573","8131","","","2","119","45031","21","","170","18928","40","5217","27","2619","5","","39","5962","7","2019","14","3268","3","1703","25","","10","","98","10874","25","3656","163","","35","","24","14017","6","204","37","1643","9","8085","13","","2","","14","692","4","14","5","","0","1","21","","1","","20180","8331"
"2007","869","4909","1691","441","104","269","66","170","7397","115","21676","57814","44","3583","28","4654","10221","289","34880","105","14814","66","8120","87","7650","8","1393","20","1178","94","27489","79","14270","82121","12","2851","31","3063","7524","200","62475","52","6941","63","12705","49","4038","10","226","25","3260","26778","698","171","13671","6507","76","18","6","127","39896","16","","199","8459","50","4615","33","12407","4","","29","1062","6","1032","28","5245","13","701","38","25040","10","195","107","19515","44","3764","153","46716","38","4849","19","15490","5","","35","422","8","195","13","6900","1","","28","1306","3","533","3","320","0","0","26","911","5","29","19779","6999"
"2008","558","1910","375","298","71","252","49","102","13613","88","7244","29670","30","3598","22","6197","12062","196","17972","75","6688","44","5010","54","7384","9","1021","15","3657","85","17918","74","8269","52552","18","2628","12","1359","5139","179","36101","50","8739","53","7712","29","1485","9","682","15","2972","36469","445","113","31333","2851","94","5","1","125","28981","27","3075","131","15333","32","","40","11063","9","447","29","1720","2","","16","9307","4","","17","394","6","1033","90","17576","16","","105","7638","28","7230","26","4839","3","","29","809","7","388","7","","1","","22","5224","2","234","4","","2","93","11","666","2","","33469","3000"
"2009","286","8435","114","118","37","112","38","36","1800","34","3250","10148","15","2134","7","1277","5101","97","7456","17","2530","11","162","33","4198","2","","3","","32","15277","31","11594","31984","12","1370","10","4648","7820","87","21091","20","","10","","32","6572","0","0","7","1248","12195","198","88","2937","709","30","69","1","51","19216","18","","44","1969","18","2198","19","3939","6","","8","169","3","64","14","886","4","42","7","1746","2","536","45","12480","14","4690","41","4996","9","1813","12","199","2","","14","964","3","","4","89","1","","13","609","3","1002","0","0","3","0","6","1610","4","","11455","740"
"2010","325","1560","350","199","73","212","58","66","2979","53","6223","12414","27","1529","15","7465","11411","149","10507","38","1166","26","741","59","8423","4","71","15","2917","47","3856","85","19124","36643","19","6722","15","1216","9891","161","33540","36","1687","34","1416","43","4961","5","928","15","4002","12605","243","82","6175","4520","85","12","3","76","7935","29","6993","84","3450","32","1792","29","4079","10","271","18","471","5","263","30","5156","8","642","20","918","4","897","115","24280","23","1858","73","7141","19","8362","16","4210","3","1033","16","630","11","117","3","14","3","7","19","667","5","609","2","204","0","0","7","526","6","531","7775","4830"
"2011","373","719","271","286","80","237","69","75","20666","83","9342","50234","32","4857","18","4715","14111","223","36912","47","4999","35","8323","66","12533","6","598","13","980","69","6238","87","21489","32967","26","6539","18","2993","11748","158","17112","50","12598","49","3257","49","8589","9","1190","22","1969","8089","276","97","4432","2667","87","10","4","92","7633","35","6933","104","23426","36","4914","23","1395","9","394","29","2760","4","57","22","1690","6","687","30","2410","9","1559","109","23179","24","3680","113","11752","27","6274","18","1367","8","","33","6807","10","","14","762","2","","16","7666","5","","4","26","0","0","19","583","2","","5265","2824"
"2012","266","419","268","122","40","161","27","34","7932","41","5384","17933","","","7","1038","","83","9523","29","8094","19","316","30","5817","3","","11","","53","3533","50","6217","17414","11","1054","4","","","103","11659","48","4217","35","1538","23","5821","","","6","96","3413","216","50","1937","789","82","10","8","74","4627","18","","46","8774","17","2764","21","1094","7","","12","842","","","21","4256","3","","18","2640","6","2189","71","10473","7","3601","59","8024","13","3227","12","2277","","","7","458","2","1220","1","","0","0","5","","3","","3","","","","5","","6","46","2536","877"
"2013","238","353","147","58","","141","26","16","6216","8","600","","12","1589","9","3691","","44","2935","11","","4","","28","5682","2","","","","35","","54","3408","31839","9","862","8","","1913","94","8391","39","","25","","19","1541","3","","9","","7665","175","63","3690","3475","92","6","2","53","24172","12","898","23","6592","15","1717","18","","3","36","7","376","3","128","16","1529","2","","13","323","0","0","70","4937","10","611","21","923","9","3691","13","","3","328","","","","","2","","1","","","","4","","3","","0","0","","","","","4135","3530"
"2014","189","","","113","36","110","23","33","11404","27","4987","20647","","","","","5288","79","6888","35","7641","77","6118","28","4610","7","323","11","355","31","4681","42","6318","15041","","","","","","78","10404","27","2702","61","1934","17","2415","","","","","8032","150","39","3249","1947","65","35","0","45","5381","13","1949","48","13683","18","2887","14","700","","","15","2279","","","8","1317","","","17","1135","","","50","7635","8","809","44","6122","14","2228","12","1932","","","12","637","","","","","0","0","","","","","","","","","","","","","5968","2063"
"2015","245","","","170","42","145","35","55","7712","61","6136","25561","18","6270","","","16852","155","21604","30","1323","83","2641","44","16617","0","0","8","1222","34","5816","48","11083","33335","10","1117","","","7451","150","29009","14","707","39","3620","38","7006","","","","","6920","194","51","3365","1871","74","22","4","48","7820","20","4516","71","15427","22","6811","14","2004","10","3399","16","7715","4","541","25","9052","","","18","2381","","","73","20137","13","2911","79","8517","10","2828","17","4680","","","","","","","","","0","0","9","859","","","","","0","0","","","4","73","4640","2280"
"2016","428","13471","418","141","42","262","35","49","2112","36","12542","17292","","","10","8859","15420","142","9838","23","3978","58","3859","43","15297","","","","","84","125172","89","30313","189968","13","3322","","","","274","184656","29","2495","97","2817","40","6095","","","","","24688","383","45","5493","5308","43","55","2","107","126541","21","4658","62","3606","19","916","23","1370","8","1336","13","1494","","","21","2471","","","18","745","11","5621","110","32784","12","1245","54","13287","21","14478","35","29946","","","10","293","","","","","0","0","","","0","0","","","0","0","","","","","11038","13650"
"2017","364","7286","364","155","56","259","55","62","2394","55","71678","77525","","","","","10480","148","74230","37","2191","74","1104","60","10078","4","85","11","315","80","9224","84","8232","35227","18","3698","10","5123","13216","257","31567","26","1582","94","2078","58","13015","","","","","18783","323","41","8036","3097","59","39","2","101","15120","29","4846","72","2878","23","2486","21","5894","11","1151","10","484","","","34","6653","7","1108","10","392","","","118","14885","17","6230","65","72068","21","5170","26","2856","6","1562","","","8","295","9","2260","","","","","","0","5","105","0","0","","","","","15451","3332"
"2018","960","11551","63","301","48","603","71","149","4348","73","15663","23808","","","","","12101","244","18553","","","","","40","11829","","","","","190","5649","231","52678","78787","20","3195","20","1766","16932","123","71323","5","111","17","7354","56","10542","","","","","27732","541","419","7633","8487","58","42","0","254","17817","28","6659","163","6385","24","6254","64","12168","8","3464","14","2036","","","36","4351","10","1748","25","812","","","267","57028","30","3514","98","16476","9","2043","55","1698","","","19","636","","","17","925","","","18","234","5","400","10","1319","","","3","77","","","19046","8685"
"2019","911","2331","0","261","68","609","146","99","9412","86","8902","21888","","","","","12631","68","21440","","","","","35","12481","","","","","172","11320","222","30223","55556","50","1178","42","7635","12542","100","48475","","","","","51","10648","","","","","9040","480","431","3605","3104","74","26","0","253","13092","72","1664","112","11136","32","9708","81","1773","22","487","13","1724","","","61","4716","20","1256","20","775","","","283","34938","62","8890","106","9677","11","407","46","6139","","","14","390","19","510","15","664","","","23","599","","","12","722","","","6","86","","","5705","3336"
"2020","817","","","209","41","492","112","93","2488","66","6221","15484","","","","","27539","75","14557","","","","","27","26313","","","","","127","7288","176","4632","19160","41","1694","21","858","3669","87","18527","","","","","38","3609","","","","","17651","433","384","3391","6835","58","","","205","9089","59","1855","101","3856","18","6533","78","1802","18","161","8","1368","","","45","3714","16","254","8","86","","","221","8347","37","1112","74","6308","10","6120","37","709","14","682","","","8","14788","","","","","17","198","","","","","","","","","","","8617","9034"
"2021","1198","","","311","35","789","158","121","2382","123","36172","45890","","","9","3462","12844","73","41796","","","","","24","12790","","","","","204","15742","313","32533","76681","45","9559","53","19518","31240","118","66089","","","","","71","31135","","","","","30402","674","524","6870","15627","74","","","326","24606","68","9808","131","2529","20","9182","122","8865","23","253","10","147","","","71","12443","16","1172","13","584","0","0","384","44975","69","20690","136","36756","9","3462","47","6408","16","711","17","735","","","23","522","","","","","","","9","169","","","","","0","0","7095","23309"
"2022","979","","","310","45","810","167","","","105","16766","26212","16","887","","","5813","80","23205","","","","","21","5215","","","","","245","6423","273","33480","57050","52","5059","46","7845","16346","110","53249","4","920","18","2881","79","14465","","","","","14251","466","513","6431","6282","89","","","377","13404","76","6540","135","4661","16","887","132","7030","24","1480","","","0","0","80","4274","17","633","26","2305","","","353","37755","63","8478","131","19073","17","4087","63","3385","22","1226","17","1543","7","232","10","2382","","","","","","","7","124","","","","","","","7489","6762"
"2023","860","","","295","23","682","165","","","64","3636","12501","","","4","285","3424","42","9966","","","","","13","3235","","","","","180","7055","226","11561","32592","54","1406","44","2320","6016","64","30763","","","","","56","5942","","","","","10260","484","376","4364","4584","86","","","314","11981","78","2183","163","6647","18","2717","134","4927","24","777","","","","","78","7403","20","969","21","336","0","0","304","18964","64","3288","85","3972","4","285","35","934","14","398","14","1563","","","22","513","","","28","282","","","7","199","","","5","38","0","0","4438","5823"
"2024","899","","","303","39","757","161","","","","","14888","","","","","21086","48","10265","","","","","17","21055","","","","","234","5828","265","11035","26349","35","268","55","2276","7708","71","22675","","","","","63","7106","","","","","16917","619","280","8201","4061","73","","","370","9283","69","1734","133","4316","21","10796","136","3454","34","1466","","","","","49","2769","14","507","","","","","314","13804","69","2783","107","9279","9","9894","59","2916","","","22","728","","","7","242","4","48","36","491","","","7","102","","","5","72","3","70","12666","4251"
"2025","757","","","325","57","807","180","","","91","5540","17975","21","2946","","","6747","43","16336","","","","","22","6592","","","","","247","17548","280","37756","69802","52","1479","","","19877","91","63475","","","","","57","18636","","","","","15980","651","106","9827","1715","71","","","373","19924","79","3830","150","9208","26","3124","126","2376","27","2352","","","5","180","70","7467","","","25","237","","","350","45225","73","11869","116","5777","8","384","61","3088","22","3263","","","14","962","16","1467","","","36","2157","","","7","97","","","","","","","14253","1728"
"1969 Q1","235","","","","","","","","","","","","","","","","","","","","","","","","","","","","","","","","","","","","","","","","","","","","","","","","","","","0","","","","","","","","","","","","","","","","","","","","","","","","","","","","","","","","","","","","","","","","","","","","","","","","","","","","","","","","","","","","","","","","",""
"1969 Q2","236","","","","","","","","","","","","","","","","","","","","","","","","","","","","","","","","","","","","","","","","","","","","","","","","","","","0","","","","","","","","","","","","","","","","","","","","","","","","","","","","","","","","","","","","","","","","","","","","","","","","","","","","","","","","","","","","","","","","",""
"1969 Q3","187","","","","","","","","","","","","","","","","","","","","","","","","","","","","","","","","","","","","","","","","","","","","","","","","","","","0","","","","","","","","","","","","","","","","","","","","","","","","","","","","","","","","","","","","","","","","","","","","","","","","","","","","","","","","","","","","","","","","",""
"1969 Q4","188","","","","","","","","","","","","","","","","","","","","","","","","","","","","","","","","","","","","","","","","","","","","","","","","","","","1069","","","","","","","","","","","","","","","","","","","","","","","","","","","","","","","","","","","","","","","","","","","","","","","","","","","","","","","","","","","","","","","","",""
"1970 Q1","206","","","","","","","","","","","","","","","","","","","","","","","","","","","","","","","","","","","","","","","","","","","","","","","","","","","0","","","","","","","","","","","","","","","","","","","","","","","","","","","","","","","","","","","","","","","","","","","","","","","","","","","","","","","","","","","","","","","","",""
"1970 Q2","203","","","","","","","","","","","","","","","","","","","","","","","","","","","","","","","","","","","","","","","","","","","","","","","","","","","0","","","","","","","","","","","","","","","","","","","","","","","","","","","","","","","","","","","","","","","","","","","","","","","","","","","","","","","","","","","","","","","","",""
"1970 Q3","178","","","","","","","","","","","","","","","","","","","","","","","","","","","","","","","","","","","","","","","","","","","","","","","","","","","0","","","","","","","","","","","","","","","","","","","","","","","","","","","","","","","","","","","","","","","","","","","","","","","","","","","","","","","","","","","","","","","","",""
"1970 Q4","206","","","","","","","","","","","","","","","","","","","","","","","","","","","","","","","","","","","","","","","","","","","","","","","","","","","1122","","","","","","","","","","","","","","","","","","","","","","","","","","","","","","","","","","","","","","","","","","","","","","","","","","","","","","","","","","","","","","","","",""
"1971 Q1","159","","","","","","","","","","","","","","","","","","","","","","","","","","","","","","","","","","","","","","","","","","","","","","","","","","","0","","","","","","","","","","","","","","","","","","","","","","","","","","","","","","","","","","","","","","","","","","","","","","","","","","","","","","","","","","","","","","","","",""
"1971 Q2","219","","","","","","","","","","","","","","","","","","","","","","","","","","","","","","","","","","","","","","","","","","","","","","","","","","","0","","","","","","","","","","","","","","","","","","","","","","","","","","","","","","","","","","","","","","","","","","","","","","","","","","","","","","","","","","","","","","","","",""
"1971 Q3","225","","","","","","","","","","","","","","","","","","","","","","","","","","","","","","","","","","","","","","","","","","","","","","","","","","","0","","","","","","","","","","","","","","","","","","","","","","","","","","","","","","","","","","","","","","","","","","","","","","","","","","","","","","","","","","","","","","","","",""
"1971 Q4","281","","","","","","","","","","","","","","","","","","","","","","","","","","","","","","","","","","","","","","","","","","","","","","","","","","","911","","","","","","","","","","","","","","","","","","","","","","","","","","","","","","","","","","","","","","","","","","","","","","","","","","","","","","","","","","","","","","","","",""
"1972 Q1","278","0","0","","","","","","","","","","","","","","","","","","","","","","","","","","","","","","","","","","","","","","","","","","","","","","","","","0","0","0","0","0","","","","","","","","","","","","","","","","","","","","","","","","","","","","","","","","","","","","","","","","","","","","","","","","","","","","","","","","","","","","",""
"1972 Q2","326","0","0","","","","","","","","","","","","","","","","","","","","","","","","","","","","","","","","","","","","","","","","","","","","","","","","","0","0","0","0","0","","","","","","","","","","","","","","","","","","","","","","","","","","","","","","","","","","","","","","","","","","","","","","","","","","","","","","","","","","","","",""
"1972 Q3","285","0","0","","","","","","","","","","","","","","","","","","","","","","","","","","","","","","","","","","","","","","","","","","","","","","","","","0","0","0","0","0","","","","","","","","","","","","","","","","","","","","","","","","","","","","","","","","","","","","","","","","","","","","","","","","","","","","","","","","","","","","",""
"1972 Q4","321","1459","580","","","","","","","","","","","","","","","","","","","","","","","","","","","","","","","","","","","","","","","","","","","","","","","","","2532","938","272","373","120","","","","","","","","","","","","","","","","","","","","","","","","","","","","","","","","","","","","","","","","","","","","","","","","","","","","","","","","","","","","",""
"1973 Q1","362","0","0","","","","","","","","","","","","","","","","","","","","","","","","","","","","","","","","","","","","","","","","","","","","","","","","","0","0","0","0","0","","","","","","","","","","","","","","","","","","","","","","","","","","","","","","","","","","","","","","","","","","","","","","","","","","","","","","","","","","","","",""
"1973 Q2","256","0","0","","","","","","","","","","","","","","","","","","","","","","","","","","","","","","","","","","","","","","","","","","","","","","","","","0","0","0","0","0","","","","","","","","","","","","","","","","","","","","","","","","","","","","","","","","","","","","","","","","","","","","","","","","","","","","","","","","","","","","",""
"1973 Q3","276","0","0","","","","","","","","","","","","","","","","","","","","","","","","","","","","","","","","","","","","","","","","","","","","","","","","","0","0","0","0","0","","","","","","","","","","","","","","","","","","","","","","","","","","","","","","","","","","","","","","","","","","","","","","","","","","","","","","","","","","","","",""
"1973 Q4","311","466","147","","","","","","","","","","","","","","","","","","","","","","","","","","","","","","","","","","","","","","","","","","","","","","","","","1304","951","254","473","218","","","","","","","","","","","","","","","","","","","","","","","","","","","","","","","","","","","","","","","","","","","","","","","","","","","","","","","","","","","","",""
"1974 Q1","191","0","0","","","","","","","","","","","","","","","","","","","","","","","","","","","","","","","","","","","","","","","","","","","","","","","","","0","0","0","0","0","","","","","","","","","","","","","","","","","","","","","","","","","","","","","","","","","","","","","","","","","","","","","","","","","","","","","","","","","","","","",""
"1974 Q2","128","0","0","","","","","","","","","","","","","","","","","","","","","","","","","","","","","","","","","","","","","","","","","","","","","","","","","0","0","0","0","0","","","","","","","","","","","","","","","","","","","","","","","","","","","","","","","","","","","","","","","","","","","","","","","","","","","","","","","","","","","","",""
"1974 Q3","101","0","0","","","","","","","","","","","","","","","","","","","","","","","","","","","","","","","","","","","","","","","","","","","","","","","","","0","0","0","0","0","","","","","","","","","","","","","","","","","","","","","","","","","","","","","","","","","","","","","","","","","","","","","","","","","","","","","","","","","","","","",""
"1974 Q4","84","114","47","","","","","","","","","","","","","","","","","","","","","","","","","","","","","","","","","","","","","","","","","","","","","","","","","508","367","137","284","63","","","","","","","","","","","","","","","","","","","","","","","","","","","","","","","","","","","","","","","","","","","","","","","","","","","","","","","","","","","","",""
"1975 Q1","56","0","0","","","","","","","","","","","","","","","","","","","","","","","","","","","","","","","","","","","","","","","","","","","","","","","","","0","0","0","0","0","","","","","","","","","","","","","","","","","","","","","","","","","","","","","","","","","","","","","","","","","","","","","","","","","","","","","","","","","","","","",""
"1975 Q2","99","0","0","","","","","","","","","","","","","","","","","","","","","","","","","","","","","","","","","","","","","","","","","","","","","","","","","0","0","0","0","0","","","","","","","","","","","","","","","","","","","","","","","","","","","","","","","","","","","","","","","","","","","","","","","","","","","","","","","","","","","","",""
"1975 Q3","88","0","0","","","","","","","","","","","","","","","","","","","","","","","","","","","","","","","","","","","","","","","","","","","","","","","","","0","0","0","0","0","","","","","","","","","","","","","","","","","","","","","","","","","","","","","","","","","","","","","","","","","","","","","","","","","","","","","","","","","","","","",""
"1975 Q4","72","93","25","","","","","","","","","","","","","","","","","","","","","","","","","","","","","","","","","","","","","","","","","","","","","","","","","291","200","115","113","60","","","","","","","","","","","","","","","","","","","","","","","","","","","","","","","","","","","","","","","","","","","","","","","","","","","","","","","","","","","","",""
"1976 Q1","93","0","0","","","","","","","","","","","","","","","","","","","","","","","","","","","","","","","","","","","","","","","","","","","","","","","","","0","0","0","0","0","","","","","","","","","","","","","","","","","","","","","","","","","","","","","","","","","","","","","","","","","","","","","","","","","","","","","","","","","","","","",""
"1976 Q2","93","0","0","","","","","","","","","","","","","","","","","","","","","","","","","","","","","","","","","","","","","","","","","","","","","","","","","0","0","0","0","0","","","","","","","","","","","","","","","","","","","","","","","","","","","","","","","","","","","","","","","","","","","","","","","","","","","","","","","","","","","","",""
"1976 Q3","95","0","0","","","","","","","","","","","","","","","","","","","","","","","","","","","","","","","","","","","","","","","","","","","","","","","","","0","0","0","0","0","","","","","","","","","","","","","","","","","","","","","","","","","","","","","","","","","","","","","","","","","","","","","","","","","","","","","","","","","","","","",""
"1976 Q4","72","120","7","","","","","","","","","","","","","","","","","","","","","","","","","","","","","","","","","","","","","","","","","","","","","","","","","448","242","111","240","81","","","","","","","","","","","","","","","","","","","","","","","","","","","","","","","","","","","","","","","","","","","","","","","","","","","","","","","","","","","","",""
"1977 Q1","101","0","0","","","","","","","","","","","","","","","","","","","","","","","","","","","","","","","","","","","","","","","","","","","","","","","","","0","0","0","0","0","","","","","","","","","","","","","","","","","","","","","","","","","","","","","","","","","","","","","","","","","","","","","","","","","","","","","","","","","","","","",""
"1977 Q2","112","0","0","","","","","","","","","","","","","","","","","","","","","","","","","","","","","","","","","","","","","","","","","","","","","","","","","0","0","0","0","0","","","","","","","","","","","","","","","","","","","","","","","","","","","","","","","","","","","","","","","","","","","","","","","","","","","","","","","","","","","","",""
"1977 Q3","144","0","0","","","","","","","","","","","","","","","","","","","","","","","","","","","","","","","","","","","","","","","","","","","","","","","","","0","0","0","0","0","","","","","","","","","","","","","","","","","","","","","","","","","","","","","","","","","","","","","","","","","","","","","","","","","","","","","","","","","","","","",""
"1977 Q4","124","304","8","","","","","","","","","","","","","","","","","","","","","","","","","","","","","","","","","","","","","","","","","","","","","","","","","824","372","109","433","79","","","","","","","","","","","","","","","","","","","","","","","","","","","","","","","","","","","","","","","","","","","","","","","","","","","","","","","","","","","","",""
"1978 Q1","137","0","0","","","","","","","","","","","","","","","","","","","","","","","","","","","","","","","","","","","","","","","","","","","","","","","","","0","0","0","0","0","","","","","","","","","","","","","","","","","","","","","","","","","","","","","","","","","","","","","","","","","","","","","","","","","","","","","","","","","","","","",""
"1978 Q2","131","0","0","","","","","","","","","","","","","","","","","","","","","","","","","","","","","","","","","","","","","","","","","","","","","","","","","0","0","0","0","0","","","","","","","","","","","","","","","","","","","","","","","","","","","","","","","","","","","","","","","","","","","","","","","","","","","","","","","","","","","","",""
"1978 Q3","141","0","0","","","","","","","","","","","","","","","","","","","","","","","","","","","","","","","","","","","","","","","","","","","","","","","","","0","0","0","0","0","","","","","","","","","","","","","","","","","","","","","","","","","","","","","","","","","","","","","","","","","","","","","","","","","","","","","","","","","","","","",""
"1978 Q4","158","463","23","","","","","","","","","","","","","","","","","","","","","","","","","","","","","","","","","","","","","","","","","","","","","","","","","1140","441","126","505","149","","","","","","","","","","","","","","","","","","","","","","","","","","","","","","","","","","","","","","","","","","","","","","","","","","","","","","","","","","","","",""
"1979 Q1","134","0","0","","","","","","","","","","","","","","","","","","","","","","","","","","","","","","","","","","","","","","","","","","","","","","","","","0","0","0","0","0","","","","","","","","","","","","","","","","","","","","","","","","","","","","","","","","","","","","","","","","","","","","","","","","","","","","","","","","","","","","",""
"1979 Q2","136","0","0","","","","","","","","","","","","","","","","","","","","","","","","","","","","","","","","","","","","","","","","","","","","","","","","","0","0","0","0","0","","","","","","","","","","","","","","","","","","","","","","","","","","","","","","","","","","","","","","","","","","","","","","","","","","","","","","","","","","","","",""
"1979 Q3","124","0","0","","","","","","","","","","","","","","","","","","","","","","","","","","","","","","","","","","","","","","","","","","","","","","","","","0","0","0","0","0","","","","","","","","","","","","","","","","","","","","","","","","","","","","","","","","","","","","","","","","","","","","","","","","","","","","","","","","","","","","",""
"1979 Q4","140","515","208","","","","","","","","","","","","","","","","","","","","","","","","","","","","","","","","","","","","","","","","","","","","","","","","","1656","417","117","780","153","","","","","","","","","","","","","","","","","","","","","","","","","","","","","","","","","","","","","","","","","","","","","","","","","","","","","","","","","","","","",""
"1980 Q1","138","0","0","","","","","","","","","","","","","","","","","","","","","","","","","","","","","","","","","","","","","","","","","","","","","","","","","0","0","0","0","0","","","","","","","","","","","","","","","","","","","","","","","","","","","","","","","","","","","","","","","","","","","","","","","","","","","","","","","","","","","","",""
"1980 Q2","99","0","0","","","","","","","","","","","","","","","","","","","","","","","","","","","","","","","","","","","","","","","","","","","","","","","","","0","0","0","0","0","","","","","","","","","","","","","","","","","","","","","","","","","","","","","","","","","","","","","","","","","","","","","","","","","","","","","","","","","","","","",""
"1980 Q3","116","0","0","","","","","","","","","","","","","","","","","","","","","","","","","","","","","","","","","","","","","","","","","","","","","","","","","0","0","0","0","0","","","","","","","","","","","","","","","","","","","","","","","","","","","","","","","","","","","","","","","","","","","","","","","","","","","","","","","","","","","","",""
"1980 Q4","116","669","46","","","","","","","","","","","","","","","","","","","","","","","","","","","","","","","","","","","","","","","","","","","","","","","","","1475","368","101","623","137","","","","","","","","","","","","","","","","","","","","","","","","","","","","","","","","","","","","","","","","","","","","","","","","","","","","","","","","","","","","",""
"1981 Q1","120","0","0","","","","","","","","","","","","","","","","","","","","","","","","","","","","","","","","","","","","","","","","","","","","","","","","","0","0","0","0","0","","","","","","","","","","","","","","","","","","","","","","","","","","","","","","","","","","","","","","","","","","","","","","","","","","","","","","","","","","","","",""
"1981 Q2","110","0","0","","","","","","","","","","","","","","","","","","","","","","","","","","","","","","","","","","","","","","","","","","","","","","","","","0","0","0","0","0","","","","","","","","","","","","","","","","","","","","","","","","","","","","","","","","","","","","","","","","","","","","","","","","","","","","","","","","","","","","",""
"1981 Q3","102","0","0","","","","","","","","","","","","","","","","","","","","","","","","","","","","","","","","","","","","","","","","","","","","","","","","","0","0","0","0","0","","","","","","","","","","","","","","","","","","","","","","","","","","","","","","","","","","","","","","","","","","","","","","","","","","","","","","","","","","","","",""
"1981 Q4","120","338","31","","","","","","","","","","","","","","","","","","","","","","","","","","","","","","","","","","","","","","","","","","","","","","","","","1144","327","125","545","230","","","","","","","","","","","","","","","","","","","","","","","","","","","","","","","","","","","","","","","","","","","","","","","","","","","","","","","","","","","","",""
"1982 Q1","128","0","0","","","","","","","","","","","","","","","","","","","","","","","","","","","","","","","","","","","","","","","","","","","","","","","","","0","0","0","0","0","","","","","","","","","","","","","","","","","","","","","","","","","","","","","","","","","","","","","","","","","","","","","","","","","","","","","","","","","","","","",""
"1982 Q2","108","0","0","","","","","","","","","","","","","","","","","","","","","","","","","","","","","","","","","","","","","","","","","","","","","","","","","0","0","0","0","0","","","","","","","","","","","","","","","","","","","","","","","","","","","","","","","","","","","","","","","","","","","","","","","","","","","","","","","","","","","","",""
"1982 Q3","108","0","0","","","","","","","","","","","","","","","","","","","","","","","","","","","","","","","","","","","","","","","","","","","","","","","","","0","0","0","0","0","","","","","","","","","","","","","","","","","","","","","","","","","","","","","","","","","","","","","","","","","","","","","","","","","","","","","","","","","","","","",""
"1982 Q4","119","701","222","","","","","","","","","","","","","","","","","","","","","","","","","","","","","","","","","","","","","","","","","","","","","","","","","2206","299","164","641","642","","","","","","","","","","","","","","","","","","","","","","","","","","","","","","","","","","","","","","","","","","","","","","","","","","","","","","","","","","","","",""
"1983 Q1","95","0","0","","","","","","","","","","","","","","","","","","","","","","","","","","","","","","","","","","","","","","","","","","","","","","","","","0","0","0","0","0","","","","","","","","","","","","","","","","","","","","","","","","","","","","","","","","","","","","","","","","","","","","","","","","","","","","","","","","","","","","",""
"1983 Q2","111","0","0","","","","","","","","","","","","","","","","","","","","","","","","","","","","","","","","","","","","","","","","","","","","","","","","","0","0","0","0","0","","","","","","","","","","","","","","","","","","","","","","","","","","","","","","","","","","","","","","","","","","","","","","","","","","","","","","","","","","","","",""
"1983 Q3","93","0","0","","","","","","","","","","","","","","","","","","","","","","","","","","","","","","","","","","","","","","","","","","","","","","","","","0","0","0","0","0","","","","","","","","","","","","","","","","","","","","","","","","","","","","","","","","","","","","","","","","","","","","","","","","","","","","","","","","","","","","",""
"1983 Q4","148","1261","56","","","","","","","","","","","","","","","","","","","","","","","","","","","","","","","","","","","","","","","","","","","","","","","","","2343","305","142","689","337","","","","","","","","","","","","","","","","","","","","","","","","","","","","","","","","","","","","","","","","","","","","","","","","","","","","","","","","","","","","",""
"1984 Q1","141","0","0","","","","","","","","","","","","","","","","","","","","","","","","","","","","","","","","","","","","","","","","","","","","","","","","","0","0","0","0","0","","","","","","","","","","","","","","","","","","","","","","","","","","","","","","","","","","","","","","","","","","","","","","","","","","","","","","","","","","","","",""
"1984 Q2","153","0","0","","","","","","","","","","","","","","","","","","","","","","","","","","","","","","","","","","","","","","","","","","","","","","","","","0","0","0","0","0","","","","","","","","","","","","","","","","","","","","","","","","","","","","","","","","","","","","","","","","","","","","","","","","","","","","","","","","","","","","",""
"1984 Q3","97","0","0","","","","","","","","","","","","","","","","","","","","","","","","","","","","","","","","","","","","","","","","","","","","","","","","","0","0","0","0","0","","","","","","","","","","","","","","","","","","","","","","","","","","","","","","","","","","","","","","","","","","","","","","","","","","","","","","","","","","","","",""
"1984 Q4","177","1838","690","","","","","","","","","","","","","","","","","","","","","","","","","","","","","","","","","","","","","","","","","","","","","","","","","5474","398","170","2120","826","","","","","","","","","","","","","","","","","","","","","","","","","","","","","","","","","","","","","","","","","","","","","","","","","","","","","","","","","","","","",""
"1985 Q1","104","0","0","","","","","","","","","","","","","","","","","","","","","","","","","","","","","","","","","","","","","","","","","","","","","","","","","0","0","0","0","0","","","","","","","","","","","","","","","","","","","","","","","","","","","","","","","","","","","","","","","","","","","","","","","","","","","","","","","","","","","","",""
"1985 Q2","100","0","0","","","","","","","","","","","","","","","","","","","","","","","","","","","","","","","","","","","","","","","","","","","","","","","","","0","0","0","0","0","","","","","","","","","","","","","","","","","","","","","","","","","","","","","","","","","","","","","","","","","","","","","","","","","","","","","","","","","","","","",""
"1985 Q3","148","0","0","","","","","","","","","","","","","","","","","","","","","","","","","","","","","","","","","","","","","","","","","","","","","","","","","0","0","0","0","0","","","","","","","","","","","","","","","","","","","","","","","","","","","","","","","","","","","","","","","","","","","","","","","","","","","","","","","","","","","","",""
"1985 Q4","122","3708","525","","","","","","","","","","","","","","","","","","","","","","","","","","","","","","","","","","","","","","","","","","","","","","","","","7090","340","134","2473","384","","","","","","","","","","","","","","","","","","","","","","","","","","","","","","","","","","","","","","","","","","","","","","","","","","","","","","","","","","","","",""
"1986 Q1","134","1747","22","","","13","","","","","","","","","","","","","","","","","","","","","","","","","","","","507","","","","","","","","","","","","","","","","","","2139","102","32","220","151","","","","","","","","","","","","","","","","","","","","","","","","","","","","","","","","","","","","","","","","","","","","","","","","","","","","","","","","","","","","",""
"1986 Q2","147","4193","1842","","","15","","","","","","","","","","","","","","","","","","","","","","","","","","","","314","","","","","","","","","","","","","","","","","","6830","113","34","598","197","","","","","","","","","","","","","","","","","","","","","","","","","","","","","","","","","","","","","","","","","","","","","","","","","","","","","","","","","","","","",""
"1986 Q3","241","1348","560","","","14","","","","","","","","","","","","","","","","","","","","","","","","","","","","264","","","","","","","","","","","","","","","","","","2733","185","56","488","337","","","","","","","","","","","","","","","","","","","","","","","","","","","","","","","","","","","","","","","","","","","","","","","","","","","","","","","","","","","","",""
"1986 Q4","320","1473","124","","","12","","","","","","","","","","","","","","","","","","","","","","","","","","","","467","","","","","","","","","","","","","","","","","","3668","221","99","363","1708","","","","","","","","","","","","","","","","","","","","","","","","","","","","","","","","","","","","","","","","","","","","","","","","","","","","","","","","","","","","",""
"1987 Q1","301","2749","621","66","31","15","2","","","","","1699","","","","","431","","","","","","","","","","","","","","","","","469","","","","","683","","","","","","","","","","","","","4143","226","75","607","165","19","66","15","","","","","","","","","","","","","","","","","","","","","","","","","","","","","","","","","","","","","","","","","","","","","","","","","","","","","","","","","2809","1334"
"1987 Q2","382","3247","48","97","26","11","4","","","","","1717","","","","","1401","","","","","","","","","","","","","","","","","211","","","","","267","","","","","","","","","","","","","5015","302","80","1162","559","34","65","1","","","","","","","","","","","","","","","","","","","","","","","","","","","","","","","","","","","","","","","","","","","","","","","","","","","","","","","","","4147","868"
"1987 Q3","456","2292","83","132","29","21","5","","","","","5144","","","","","1630","","","","","","","","","","","","","","","","","739","","","","","71","","","","","","","","","","","","","3613","362","94","619","659","35","63","1","","","","","","","","","","","","","","","","","","","","","","","","","","","","","","","","","","","","","","","","","","","","","","","","","","","","","","","","","2527","1086"
"1987 Q4","389","1686","141","136","32","14","4","","","","","3498","","","","","499","","","","","","","","","","","","","","","","","1282","","","","","177","","","","","","","","","","","","","3768","298","91","804","1136","52","45","4","","","","","","","","","","","","","","","","","","","","","","","","","","","","","","","","","","","","","","","","","","","","","","","","","","","","","","","","","2388","1379"
"1988 Q1","339","1423","290","140","34","16","6","","","","","2240","","","","","379","","","","","","","","","","","","","","","","","599","","","","","139","","","","","","","","","","","","","6263","235","104","3788","762","73","23","5","","","","","","","","","","","","","","","","","","","","","","","","","","","","","","","","","","","","","","","","","","","","","","","","","","","","","","","","","5208","1055"
"1988 Q2","331","1085","411","178","28","25","3","","","","","4515","","","","","635","","","","","","","","","","","","","","","","","976","","","","","331","","","","","","","","","","","","","3077","250","81","804","776","51","35","13","","","","","","","","","","","","","","","","","","","","","","","","","","","","","","","","","","","","","","","","","","","","","","","","","","","","","","","","","1866","1211"
"1988 Q3","464","1383","262","164","25","26","2","","","","","2439","","","","","989","","","","","","","","","","","","","","","","","3449","","","","","27","","","","","","","","","","","","","8433","360","104","4596","2193","80","16","3","","","","","","","","","","","","","","","","","","","","","","","","","","","","","","","","","","","","","","","","","","","","","","","","","","","","","","","","","5946","2487"
"1988 Q4","365","1102","890","166","25","32","5","","","","","8106","","","","","1877","","","","","","","","","","","","","","","","","666","","","","","171","","","","","","","","","","","","","5066","278","87","2384","690","61","22","18","","","","","","","","","","","","","","","","","","","","","","","","","","","","","","","","","","","","","","","","","","","","","","","","","","","","","","","","","4287","779"
"1989 Q1","279","602","343","171","29","24","3","","","","","5553","","","","","593","","","","","","","","","","","","","","","","","1453","","","","","66","","","","","","","","","","","","","3603","184","95","1806","853","74","17","10","","","","","","","","","","","","","","","","","","","","","","","","","","","","","","","","","","","","","","","","","","","","","","","","","","","","","","","","","2595","1008"
"1989 Q2","288","678","38","183","36","44","7","","","","","6146","","","","","1013","","","","","","","","","","","","","","","","","2457","","","","","1431","","","","","","","","","","","","","3022","187","101","799","1506","76","22","1","","","","","","","","","","","","","","","","","","","","","","","","","","","","","","","","","","","","","","","","","","","","","","","","","","","","","","","","","1480","1541"
"1989 Q3","359","1582","594","193","47","52","2","","","","","8431","","","","","1608","","","","","","","","","","","","","","","","","1898","","","","","662","","","","","","","","","","","","","13257","252","107","10102","979","84","12","4","","","","","","","","","","","","","","","","","","","","","","","","","","","","","","","","","","","","","","","","","","","","","","","","","","","","","","","","","12149","1108"
"1989 Q4","411","658","399","134","22","48","5","","","","","2492","","","","","445","","","","","","","","","","","","","","","","","6322","","","","","858","","","","","","","","","","","","","7368","273","138","4342","1969","86","9","5","","","","","","","","","","","","","","","","","","","","","","","","","","","","","","","","","","","","","","","","","","","","","","","","","","","","","","","","","5348","2020"
"1990 Q1","230","544","53","138","36","46","3","","","","","2752","","","","","1989","","","","","","","","","","","","","","","","","5095","","","","","264","","","","","","","","","","","","","2502","133","97","1108","798","76","22","2","","","","","","","","","","","","","","","","","","","","","","","","","","","","","","","","","","","","","","","","","","","","","","","","","","","","","","","","","1559","943"
"1990 Q2","181","121","19","121","21","21","6","","","","","2660","","","","","1223","","","","","","","","","","","","","","","","","1247","","","","","760","","","","","","","","","","","","","1722","124","57","1176","406","92","7","1","","","","","","","","","","","","","","","","","","","","","","","","","","","","","","","","","","","","","","","","","","","","","","","","","","","","","","","","","1305","417"
"1990 Q3","202","635","297","173","31","49","6","","","","","3251","","","","","1511","","","","","","","","","","","","","","","","","2702","","","","","127","","","","","","","","","","","","","2438","100","102","683","823","62","26","12","","","","","","","","","","","","","","","","","","","","","","","","","","","","","","","","","","","","","","","","","","","","","","","","","","","","","","","","","1500","938"
"1990 Q4","166","233","24","154","46","27","4","","","","","4289","","","","","1452","","","","","","","","","","","","","","","","","1914","","","","","49","","","","","","","","","","","","","1667","80","86","764","644","84","14","2","","","","","","","","","","","","","","","","","","","","","","","","","","","","","","","","","","","","","","","","","","","","","","","","","","","","","","","","","1024","643"
"1991 Q1","102","701","30","127","35","30","2","","","","","1859","","","","","340","","","","","","","","","","","","","","","","","2167","","","","","47","","","","","","","","","","","","","3468","60","42","1974","763","79","20","1","","","","","","","","","","","","","","","","","","","","","","","","","","","","","","","","","","","","","","","","","","","","","","","","","","","","","","","","","2700","767"
"1991 Q2","162","248","24","113","43","41","5","","","","","2361","","","","","459","","","","","","","","","","","","","","","","","1952","","","","","318","","","","","","","","","","","","","1526","88","74","498","755","82","16","2","","","","","","","","","","","","","","","","","","","","","","","","","","","","","","","","","","","","","","","","","","","","","","","","","","","","","","","","","731","794"
"1991 Q3","115","341","5","162","42","41","3","","","","","3191","","","","","539","","","","","","","","","","","","","","","","","1581","","","","","536","","","","","","","","","","","","","1002","73","42","440","216","65","34","0","","","","","","","","","","","","","","","","","","","","","","","","","","","","","","","","","","","","","","","","","","","","","","","","","","","","","","","","","762","240"
"1991 Q4","127","1744","62","148","37","34","7","","","","","2277","","","","","419","","","","","","","","","","","","","","","","","967","","","","","126","","","","","","","","","","","","","4438","71","56","1570","1062","59","39","1","","","","","","","","","","","","","","","","","","","","","","","","","","","","","","","","","","","","","","","","","","","","","","","","","","","","","","","","","3294","1144"
"1992 Q1","119","990","9","191","46","48","5","","","","","1807","","","","","634","","","","","","","","","","","","","","","","","889","","","","","556","","","","","","","","","","","","","2162","67","52","297","866","54","46","0","","","","","","","","","","","","","","","","","","","","","","","","","","","","","","","","","","","","","","","","","","","","","","","","","","","","","","","","","1281","881"
"1992 Q2","111","575","5","146","52","43","3","","","","","2141","","","","","1031","","","","","","","","","","","","","","","","","642","","","","","113","","","","","","","","","","","","","1795","70","41","875","340","68","32","0","","","","","","","","","","","","","","","","","","","","","","","","","","","","","","","","","","","","","","","","","","","","","","","","","","","","","","","","","1443","352"
"1992 Q3","96","96","22","167","21","47","9","","","","","1369","","","","","783","","","","","","","","","","","","","","","","","1166","","","","","377","","","","","","","","","","","","","545","58","38","211","216","78","18","4","","","","","","","","","","","","","","","","","","","","","","","","","","","","","","","","","","","","","","","","","","","","","","","","","","","","","","","","","309","236"
"1992 Q4","106","461","11","175","100","72","12","","","","","1947","","","","","1088","","","","","","","","","","","","","","","","","1442","","","","","361","","","","","","","","","","","","","1439","37","69","645","322","67","32","1","","","","","","","","","","","","","","","","","","","","","","","","","","","","","","","","","","","","","","","","","","","","","","","","","","","","","","","","","1075","364"
"1993 Q1","103","144","62","139","65","63","16","","","","","1582","","","","","1106","","","","","","","","","","","","","","","","","1082","","","","","343","","","","","","","","","","","","","1615","52","51","294","1115","87","9","4","","","","","","","","","","","","","","","","","","","","","","","","","","","","","","","","","","","","","","","","","","","","","","","","","","","","","","","","","427","1189"
"1993 Q2","139","283","19","149","51","52","13","","","","","3945","","","","","1053","","","","","","","","","","","","","","","","","1613","","","","","158","","","","","","","","","","","","","1367","81","58","690","376","78","21","1","","","","","","","","","","","","","","","","","","","","","","","","","","","","","","","","","","","","","","","","","","","","","","","","","","","","","","","","","927","440"
"1993 Q3","120","386","114","90","27","68","19","","","","","1541","","","","","1246","","","","","","","","","","","","","","","","","1441","","","","","272","","","","","","","","","","","","","1239","81","39","231","508","60","31","9","","","","","","","","","","","","","","","","","","","","","","","","","","","","","","","","","","","","","","","","","","","","","","","","","","","","","","","","","715","524"
"1993 Q4","164","349","16","143","78","84","25","","","","","2145","","","","","1374","","","","","","","","","","","","","","","","","1051","","","","","338","","","","","","","","","","","","","2842","123","41","584","1892","87","12","1","","","","","","","","","","","","","","","","","","","","","","","","","","","","","","","","","","","","","","","","","","","","","","","","","","","","","","","","","917","1925"
"1994 Q1","182","1434","8","112","48","65","15","","","","","1204","","","","","1707","","","","","","","","","","","","","","","","","1953","","","","","747","","","","","","","","","","","","","2717","106","76","981","294","47","53","0","","","","","","","","","","","","","","","","","","","","","","","","","","","","","","","","","","","","","","","","","","","","","","","","","","","","","","","","","2365","352"
"1994 Q2","185","444","53","115","25","44","11","","","","","4903","","","","","952","","","","","","","","","","","","","","","","","651","","","","","289","","","","","","","","","","","","","1652","134","51","736","419","70","27","3","","","","","","","","","","","","","","","","","","","","","","","","","","","","","","","","","","","","","","","","","","","","","","","","","","","","","","","","","1130","522"
"1994 Q3","157","645","10","88","36","45","6","","","","","3535","","","","","971","","","","","","","","","","","","","","","","","1176","","","","","328","","","","","","","","","","","","","2012","117","40","855","502","68","32","0","","","","","","","","","","","","","","","","","","","","","","","","","","","","","","","","","","","","","","","","","","","","","","","","","","","","","","","","","1483","529"
"1994 Q4","150","300","73","107","40","48","6","","","","","5522","","","","","2103","","","","","","","","","","","","","","","","","1433","","","","","112","","","","","","","","","","","","","1888","108","42","491","1024","80","16","4","","","","","","","","","","","","","","","","","","","","","","","","","","","","","","","","","","","","","","","","","","","","","","","","","","","","","","","","","765","1123"
"1995 Q1","139","3324","21","99","35","30","6","","","","","4075","","","","","1592","","","","","","","","","","","","","","","","","2423","","","","","84","","","","","","","","","","","","","11350","89","50","7089","916","71","29","0","","","","","","","","","","","","","","","","","","","","","","","","","","","","","","","","","","","","","","","","","","","","","","","","","","","","","","","","","10328","1022"
"1995 Q2","114","760","23","102","22","34","2","","","","","3544","","","","","580","","","","","","","","","","","","","","","","","1326","","","","","219","","","","","","","","","","","","","2236","63","51","703","750","65","34","1","","","","","","","","","","","","","","","","","","","","","","","","","","","","","","","","","","","","","","","","","","","","","","","","","","","","","","","","","1424","812"
"1995 Q3","110","521","224","75","12","25","5","","","","","1924","","","","","203","","","","","","","","","","","","","","","","","3469","","","","","182","","","","","","","","","","","","","9489","65","45","7383","1361","93","5","2","","","","","","","","","","","","","","","","","","","","","","","","","","","","","","","","","","","","","","","","","","","","","","","","","","","","","","","","","8052","1437"
"1995 Q4","142","2012","191","89","48","42","8","","","","","2424","","","","","3614","","","","","","","","","","","","","","","","","5599","","","","","1026","","","","","","","","","","","","","9525","82","60","4627","2695","76","22","2","","","","","","","","","","","","","","","","","","","","","","","","","","","","","","","","","","","","","","","","","","","","","","","","","","","","","","","","","5843","3682"
"1996 Q1","138","3584","25","101","29","26","1","","","","","1961","","","","","1322","","","","","","","","","","","","","","","","","1724","","","","","2","","","","","","","","","","","","","9294","69","69","3573","2112","61","39","0","","","","","","","","","","","","","","","","","","","","","","","","","","","","","","","","","","","","","","","","","","","","","","","","","","","","","","","","","6979","2315"
"1996 Q2","148","2251","92","113","38","34","4","","","","","4539","","","","","2658","","","","","","","","","","","","","","","","","5492","","","","","542","","","","","","","","","","","","","7417","75","73","2402","2672","68","30","1","","","","","","","","","","","","","","","","","","","","","","","","","","","","","","","","","","","","","","","","","","","","","","","","","","","","","","","","","5661","1756"
"1996 Q3","148","3881","99","100","44","34","6","","","","","2937","","","","","2912","","","","","","","","","","","","","","","","","1020","","","","","264","","","","","","","","","","","","","9100","85","63","3650","1470","56","43","1","","","","","","","","","","","","","","","","","","","","","","","","","","","","","","","","","","","","","","","","","","","","","","","","","","","","","","","","","7534","1566"
"1996 Q4","150","1210","49","128","67","39","7","","","","","3940","","","","","915","","","","","","","","","","","","","","","","","1277","","","","","225","","","","","","","","","","","","","4931","107","43","1942","1730","74","25","1","","","","","","","","","","","","","","","","","","","","","","","","","","","","","","","","","","","","","","","","","","","","","","","","","","","","","","","","","3174","1757"
"1997 Q1","115","500","70","110","43","37","3","","","","","3869","","","","","1732","","","","","","","","","","","","","","","","","6350","","","","","119","","","","","","","","","","","","","2310","85","30","667","1073","75","22","3","","","","","","","","","","","","","","","","","","","","","","","","","","","","","","","","","","","","","","","","","","","","","","","","","","","","","","","","","1144","1166"
"1997 Q2","120","1290","68","99","36","44","6","","","","","2616","","","","","1385","","","","","","","","","","","","","","","","","3201","","","","","140","","","","","","","","","","","","","3501","94","26","1716","427","61","37","2","","","","","","","","","","","","","","","","","","","","","","","","","","","","","","","","","","","","","","","","","","","","","","","","","","","","","","","","","3046","455"
"1997 Q3","142","995","65","118","48","47","8","","","","","6411","","","","","2001","","","","","","","","","","","","","","","","","2378","","","","","358","","","","","","","","","","","","","4288","109","33","2943","285","75","23","2","","","","","","","","","","","","","","","","","","","","","","","","","","","","","","","","","","","","","","","","","","","","","","","","","","","","","","","","","3920","368"
"1997 Q4","129","12798","120","137","49","65","11","","","","","6280","","","","","2230","","","","","","","","","","","","","","","","","3788","","","","","861","","","","","","","","","","","","","16730","96","33","1525","2287","23","76","1","","","","","","","","","","","","","","","","","","","","","","","","","","","","","","","","","","","","","","","","","","","","","","","","","","","","","","","","","14343","2387"
"1998 Q1","140","1156","113","132","55","49","11","","","","","4842","","","","","2055","","","","","","","","","","","","","","","","","8976","","","","","566","","","","","","","","","","","","","4790","103","37","1760","1761","74","24","2","","","","","","","","","","","","","","","","","","","","","","","","","","","","","","","","","","","","","","","","","","","","","","","","","","","","","","","","","3012","1779"
"1998 Q2","155","7932","195","144","63","75","12","","","","","6048","","","","","6469","","","","","","","","","","","","","","","","","9488","","","","","1490","","","","","","","","","","","","","11956","114","41","3091","738","32","66","2","","","","","","","","","","","","","","","","","","","","","","","","","","","","","","","","","","","","","","","","","","","","","","","","","","","","","","","","","11150","806"
"1998 Q3","178","817","228","128","51","61","11","","","","","5589","","","","","3092","","","","","","","","","","","","","","","","","9458","","","","","1176","","","","","","","","","","","","","6193","143","35","3530","1618","83","13","4","","","","","","","","","","","","","","","","","","","","","","","","","","","","","","","","","","","","","","","","","","","","","","","","","","","","","","","","","4546","1647"
"1998 Q4","162","3255","59","165","49","67","12","","","","","38438","","","","","1198","","","","","","","","","","","","","","","","","4491","","","","","239","","","","","","","","","","","","","6586","125","37","2090","1181","50","49","1","","","","","","","","","","","","","","","","","","","","","","","","","","","","","","","","","","","","","","","","","","","","","","","","","","","","","","","","","5378","1207"
"1999 Q1","117","5735","76","141","47","75","11","","","","","4021","","","","","2188","","","","","","","","","","","","","","","","","8179","","","","","482","","","","","","","","","","","","","8735","95","22","2299","625","33","66","1","","","","","","","","","","","","","","","","","","","","","","","","","","","","","","","","","","","","","","","","","","","","","","","","","","","","","","","","","7891","844"
"1999 Q2","127","1509","82","147","75","56","5","","","","","81224","","","","","6573","","","","","","","","","","","","","","","","","7774","","","","","335","","","","","","","","","","","","","7212","101","26","4893","728","78","21","1","","","","","","","","","","","","","","","","","","","","","","","","","","","","","","","","","","","","","","","","","","","","","","","","","","","","","","","","","6477","735"
"1999 Q3","145","2098","81","133","43","52","9","","","","","6725","","","","","2271","","","","","","","","","","","","","","","","","10744","","","","","236","","","","","","","","","","","","","6479","115","30","2618","1682","66","32","1","","","","","","","","","","","","","","","","","","","","","","","","","","","","","","","","","","","","","","","","","","","","","","","","","","","","","","","","","4747","1732"
"1999 Q4","104","250","112","169","33","69","14","","","","","19223","","","","","1554","","","","","","","","","","","","","","","","","34163","","","","","4465","","","","","","","","","","","","","3737","89","15","2795","580","90","7","3","","","","","","","","","","","","","","","","","","","","","","","","","","","","","","","","","","","","","","","","","","","","","","","","","","","","","","","","","3096","641"
"2000 Q1","139","14960","160","188","48","54","12","","","","","13401","","","","","8290","","","","","","","","","","","","","","","","","4920","","","","","898","","","","","","","","","","","","","33739","115","24","17483","1136","56","44","0","","","","","","","","","","","","","","","","","","","","","","","","","","","","","","","","","","","","","","","","","","","","","","","","","","","","","","","","","32533","1206"
"2000 Q2","133","15045","319","127","34","61","12","","","","","129390","","","","","2367","","","","","","","","","","","","","","","","","14097","","","","","2743","","","","","","","","","","","","","21469","111","22","4224","1881","28","71","1","","","","","","","","","","","","","","","","","","","","","","","","","","","","","","","","","","","","","","","","","","","","","","","","","","","","","","","","","19510","1959"
"2000 Q3","163","7367","314","127","50","64","6","","","","","19749","","","","","15314","","","","","","","","","","","","","","","","","38192","","","","","","","","","","","","","","","","","","16852","125","38","6934","2237","54","44","2","","","","","","","","","","","","","","","","","","","","","","","","","","","","","","","","","","","","","","","","","","","","","","","","","","","","","","","","","14583","2269"
"2000 Q4","152","28198","479","115","36","48","13","","","","","18745","","","","","3886","","","","","","","","","","","","","","","","","7409","","","","","","","","","","","","","","","","","","34856","115","37","5265","914","18","81","1","","","","","","","","","","","","","","","","","","","","","","","","","","","","","","","","","","","","","","","","","","","","","","","","","","","","","","","","","33887","969"
"2001 Q1","131","982","338","109","30","54","27","","","","","13473","","","","","7601","","","","","","","","","","","","","","","","","9373","","","","","2076","","","","","","","","","","","","","6181","69","62","2606","2255","79","16","5","","","","","","","","","","","","","","","","","","","","","","","","","","","","","","","","","","","","","","","","","","","","","","","","","","","","","","","","","3495","2686"
"2001 Q2","108","555","442","111","39","36","12","","","","","12208","","","","","7675","","","","","","","","","","","","","","","","","6948","","","","","747","","","","","","","","","","","","","4890","79","29","1679","2214","80","11","9","","","","","","","","","","","","","","","","","","","","","","","","","","","","","","","","","","","","","","","","","","","","","","","","","","","","","","","","","2292","2598"
"2001 Q3","129","10649","447","85","26","42","9","","","","","7555","","","","","7750","","","","","","","","","","","","","","","","","4148","","","","","557","","","","","","","","","","","","","16079","87","42","3457","1526","0","0","3","","","","","","","","","","","","","","","","","","","","","","","","","","","","","","","","","","","","","","","","","","","","","","","","","","","","","","","","","14164","1915"
"2001 Q4","124","170","218","66","44","30","14","","","","","8237","","","","","5468","","","","","","","","","","","","","","","","","3913","","","","","1084","","","","","","","","","","","","","1844","84","40","747","709","79","9","12","","","","","","","","","","","","","","","","","","","","","","","","","","","","","","","","","","","","","","","","","","","","","","","","","","","","","","","","","1078","766"
"2002 Q1","83","104","250","68","24","30","19","","","","","8826","","","","","1014","","","","","","","","","","","","","","","","","2820","","","","","3524","","","","","","","","","","","","","3853","58","25","2201","1298","91","3","6","","","","","","","","","","","","","","","","","","","","","","","","","","","","","","","","","","","","","","","","","","","","","","","","","","","","","","","","","2511","1342"
"2002 Q2","120","78","170","68","38","27","9","","","","","8285","","","","","1489","","","","","","","","","","","","","","","","","4771","","","","","1645","","","","","","","","","","","","","4228","95","25","801","3179","94","2","4","","","","","","","","","","","","","","","","","","","","","","","","","","","","","","","","","","","","","","","","","","","","","","","","","","","","","","","","","1006","3222"
"2002 Q3","88","184","28","74","35","40","19","","","","","6020","","","","","1016","","","","","","","","","","","","","","","","","8529","","","","","1770","","","","","","","","","","","","","6333","66","22","4695","1426","97","0","0","","","","","","","","","","","","","","","","","","","","","","","","","","","","","","","","","","","","","","","","","","","","","","","","","","","","","","","","","4880","1453"
"2002 Q4","139","6414","443","52","31","20","13","","","","","3495","","","","","3555","","","","","","","","","","","","","","","","","678","","","","","973","","","","","","","","","","","","","10822","104","35","1877","2088","37","0","9","","","","","","","","","","","","","","","","","","","","","","","","","","","","","","","","","","","","","","","","","","","","","","","","","","","","","","","","","8601","2221"
"2003 Q1","107","609","353","60","26","33","8","","","","","12597","","","","","1130","","","","","","","","","","","","","","","","","769","","","","","313","","","","","","","","","","","","","3857","72","35","1003","1892","75","16","9","","","","","","","","","","","","","","","","","","","","","","","","","","","","","","","","","","","","","","","","","","","","","","","","","","","","","","","","","1625","2232"
"2003 Q2","122","258","345","53","26","34","16","","","","","2030","","","","","1218","","","","","","","","","","","","","","","","","2298","","","","","1098","","","","","","","","","","","","","3753","81","41","1437","1713","84","7","9","","","","","","","","","","","","","","","","","","","","","","","","","","","","","","","","","","","","","","","","","","","","","","","","","","","","","","","","","1877","1876"
"2003 Q3","153","153","133","63","40","35","15","","","","","2612","","","","","1702","","","","","","","","","","","","","","","","","2798","","","","","1631","","","","","","","","","","","","","4700","111","42","2495","1919","94","3","3","","","","","","","","","","","","","","","","","","","","","","","","","","","","","","","","","","","","","","","","","","","","","","","","","","","","","","","","","2778","1922"
"2003 Q4","176","647","42","67","44","27","16","","","","","3517","","","","","4593","","","","","","","","","","","","","","","","","3444","","","","","578","","","","","","","","","","","","","6369","128","48","4021","1659","89","10","1","","","","","","","","","","","","","","","","","","","","","","","","","","","","","","","","","","","","","","","","","","","","","","","","","","","","","","","","","4674","1695"
"2004 Q1","151","8807","358","64","42","38","16","","","","","2302","","","","","816","","","","","","","","","","","","","","","","","2598","","","","","983","","","","","","","","","","","","","12639","111","40","2819","655","27","70","3","","","","","","","","","","","","","","","","","","","","","","","","","","","","","","","","","","","","","","","","","","","","","","","","","","","","","","","","","11757","882"
"2004 Q2","169","822","300","81","18","57","14","","","","","3279","","","","","2353","","","","","","","","","","","","","","","","","9410","","","","","271","","","","","","","","","","","","","5359","120","49","2555","1682","79","15","6","","","","","","","","","","","","","","","","","","","","","","","","","","","","","","","","","","","","","","","","","","","","","","","","","","","","","","","","","3642","1717"
"2004 Q3","211","240","374","74","35","47","14","","","","","9781","","","","","1305","","","","","","","","","","","","","","","","","5666","","","","","3246","","","","","","","","","","","","","8109","173","38","3469","4026","92","3","5","","","","","","","","","","","","","","","","","","","","","","","","","","","","","","","","","","","","","","","","","","","","","","","","","","","","","","","","","3819","4290"
"2004 Q4","210","469","136","86","23","36","10","","","","","3347","","","","","1011","","","","","","","","","","","","","","","","","12254","","","","","1014","","","","","","","","","","","","","5301","173","37","3237","1459","88","9","3","","","","","","","","","","","","","","","","","","","","","","","","","","","","","","","","","","","","","","","","","","","","","","","","","","","","","","","","","3664","1637"
"2005 Q1","166","166","98","91","20","51","19","","","","","3601","","","","","1435","","","","","","","","","","","","","","","","","11912","","","","","3328","","","","","","","","","","","","","3516","128","38","1334","1918","92","5","3","","","","","","","","","","","","","","","","","","","","","","","","","","","","","","","","","","","","","","","","","","","","","","","","","","","","","","","","","1581","1935"
"2005 Q2","215","1285","114","74","22","65","12","","","","","7762","","","","","909","","","","","","","","","","","","","","","","","9019","","","","","544","","","","","","","","","","","","","8983","166","49","4869","2715","85","14","1","","","","","","","","","","","","","","","","","","","","","","","","","","","","","","","","","","","","","","","","","","","","","","","","","","","","","","","","","6009","2974"
"2005 Q3","211","1207","96","109","42","67","18","","","","","7600","","","","","1136","","","","","","","","","","","","","","","","","13854","","","","","1639","","","","","","","","","","","","","7287","174","37","4106","1878","82","17","1","","","","","","","","","","","","","","","","","","","","","","","","","","","","","","","","","","","","","","","","","","","","","","","","","","","","","","","","","5367","1920"
"2005 Q4","177","110","123","91","26","59","12","","","","","13769","","","","","9188","","","","","","","","","","","","","","","","","15495","","","","","2876","","","","","","","","","","","","","5348","136","41","3116","1999","96","2","2","","","","","","","","","","","","","","","","","","","","","","","","","","","","","","","","","","","","","","","","","","","","","","","","","","","","","","","","","3319","2029"
"2006 Q1","207","431","42","94","18","54","16","","","","","7629","","","","","5456","","","","","","","","","","","","","","","","","24192","","","","","431","","","","","","","","","","","","","6969","163","44","4069","2427","93","6","1","","","","","","","","","","","","","","","","","","","","","","","","","","","","","","","","","","","","","","","","","","","","","","","","","","","","","","","","","4455","2514"
"2006 Q2","208","384","13","98","18","62","13","","","","","6517","","","","","9454","","","","","","","","","","","","","","","","","18530","","","","","1837","","","","","","","","","","","","","4222","166","42","3298","527","91","9","0","","","","","","","","","","","","","","","","","","","","","","","","","","","","","","","","","","","","","","","","","","","","","","","","","","","","","","","","","3673","549"
"2006 Q3","163","4064","216","98","24","71","11","","","","","15171","","","","","2836","","","","","","","","","","","","","","","","","19317","","","","","5715","","","","","","","","","","","","","11376","135","28","2516","4580","","","2","","","","","","","","","","","","","","","","","","","","","","","","","","","","","","","","","","","","","","","","","","","","","","","","","","","","","","","","","6725","4651"
"2006 Q4","201","593","64","115","29","72","15","","","","","8095","","","","","3468","","","","","","","","","","","","","","","","","15711","","","","","6225","","","","","","","","","","","","","5944","164","37","4690","597","89","10","1","","","","","","","","","","","","","","","","","","","","","","","","","","","","","","","","","","","","","","","","","","","","","","","","","","","","","","","","","5327","617"
"2007 Q1","191","2407","142","108","23","61","14","","","","","4506","","","","","3468","","","","","","","","","","","","","","","","","6394","","","","","638","","","","","","","","","","","","","5649","159","32","2824","276","54","43","3","","","","","","","","","","","","","","","","","","","","","","","","","","","","","","","","","","","","","","","","","","","","","","","","","","","","","","","","","5264","385"
"2007 Q2","212","1874","282","105","39","75","26","","","","","17617","","","","","1798","","","","","","","","","","","","","","","","","51511","","","","","5274","","","","","","","","","","","","","10122","158","54","3605","4361","78","19","3","","","","","","","","","","","","","","","","","","","","","","","","","","","","","","","","","","","","","","","","","","","","","","","","","","","","","","","","","5543","4579"
"2007 Q3","258","358","1110","141","23","80","12","","","","","9873","","","","","3887","","","","","","","","","","","","","","","","","15044","","","","","903","","","","","","","","","","","","","7846","209","49","5545","833","81","5","14","","","","","","","","","","","","","","","","","","","","","","","","","","","","","","","","","","","","","","","","","","","","","","","","","","","","","","","","","6904","942"
"2007 Q4","208","270","157","87","19","53","14","","","","","25818","","","","","1068","","","","","","","","","","","","","","","","","9172","","","","","709","","","","","","","","","","","","","3161","172","36","1697","1037","86","9","5","","","","","","","","","","","","","","","","","","","","","","","","","","","","","","","","","","","","","","","","","","","","","","","","","","","","","","","","","2068","1093"
"2008 Q1","172","786","268","86","15","86","16","","","","","15946","","","","","787","","","","","","","","","","","","","","","","","21086","","","","","766","","","","","","","","","","","","","4545","136","36","2578","913","77","17","6","","","","","","","","","","","","","","","","","","","","","","","","","","","","","","","","","","","","","","","","","","","","","","","","","","","","","","","","","3506","1039"
"2008 Q2","183","187","41","91","19","63","17","","","","","5729","","","","","5210","","","","","","","","","","","","","","","","","19964","","","","","2140","","","","","","","","","","","","","9593","158","25","8845","520","98","2","0","","","","","","","","","","","","","","","","","","","","","","","","","","","","","","","","","","","","","","","","","","","","","","","","","","","","","","","","","9069","524"
"2008 Q3","104","341","56","72","19","54","11","","","","","4247","","","","","4691","","","","","","","","","","","","","","","","","3228","","","","","568","","","","","","","","","","","","","4133","77","27","3408","328","91","8","1","","","","","","","","","","","","","","","","","","","","","","","","","","","","","","","","","","","","","","","","","","","","","","","","","","","","","","","","","3789","344"
"2008 Q4","99","596","10","49","18","49","5","","","","","3748","","","","","1374","","","","","","","","","","","","","","","","","8274","","","","","1665","","","","","","","","","","","","","18198","74","25","16502","1090","97","3","0","","","","","","","","","","","","","","","","","","","","","","","","","","","","","","","","","","","","","","","","","","","","","","","","","","","","","","","","","17105","1093"
"2009 Q1","88","7699","47","17","13","28","6","","","","","3744","","","","","1299","","","","","","","","","","","","","","","","","12354","","","","","2157","","","","","","","","","","","","","8206","59","29","332","128","6","93","1","","","","","","","","","","","","","","","","","","","","","","","","","","","","","","","","","","","","","","","","","","","","","","","","","","","","","","","","","8072","134"
"2009 Q2","59","437","12","32","7","22","11","","","","","2811","","","","","726","","","","","","","","","","","","","","","","","645","","","","","236","","","","","","","","","","","","","729","41","18","130","150","38","60","2","","","","","","","","","","","","","","","","","","","","","","","","","","","","","","","","","","","","","","","","","","","","","","","","","","","","","","","","","579","150"
"2009 Q3","62","254","9","28","7","28","8","","","","","2574","","","","","252","","","","","","","","","","","","","","","","","3934","","","","","2715","","","","","","","","","","","","","1886","43","19","1409","214","87","13","0","","","","","","","","","","","","","","","","","","","","","","","","","","","","","","","","","","","","","","","","","","","","","","","","","","","","","","","","","1652","234"
"2009 Q4","77","45","46","41","10","34","13","","","","","1019","","","","","2824","","","","","","","","","","","","","","","","","15051","","","","","2712","","","","","","","","","","","","","1374","55","22","1066","217","94","3","3","","","","","","","","","","","","","","","","","","","","","","","","","","","","","","","","","","","","","","","","","","","","","","","","","","","","","","","","","1152","222"
"2010 Q1","67","58","13","30","13","54","8","","","","","1027","","","","","2790","","","","","","","","","","","","","","","","","14371","","","","","332","","","","","","","","","","","","","1361","50","17","765","525","95","4","1","","","","","","","","","","","","","","","","","","","","","","","","","","","","","","","","","","","","","","","","","","","","","","","","","","","","","","","","","825","536"
"2010 Q2","95","275","57","49","18","48","15","","","","","2293","","","","","866","","","","","","","","","","","","","","","","","2841","","","","","1092","","","","","","","","","","","","","2032","70","25","986","714","83","14","3","","","","","","","","","","","","","","","","","","","","","","","","","","","","","","","","","","","","","","","","","","","","","","","","","","","","","","","","","1272","760"
"2010 Q3","80","839","131","54","18","59","19","","","","","5308","","","","","4189","","","","","","","","","","","","","","","","","12405","","","","","3448","","","","","","","","","","","","","2949","58","22","1165","814","68","28","4","","","","","","","","","","","","","","","","","","","","","","","","","","","","","","","","","","","","","","","","","","","","","","","","","","","","","","","","","2017","932"
"2010 Q4","83","388","149","66","24","51","16","","","","","3786","","","","","3566","","","","","","","","","","","","","","","","","7026","","","","","5019","","","","","","","","","","","","","6263","65","18","3259","2467","92","6","2","","","","","","","","","","","","","","","","","","","","","","","","","","","","","","","","","","","","","","","","","","","","","","","","","","","","","","","","","3661","2602"
"2011 Q1","76","240","57","70","18","54","15","","","","","19848","","","","","3268","","","","","","","","","","","","","","","","","5765","","","","","925","","","","","","","","","","","","","1500","51","25","552","651","80","16","4","","","","","","","","","","","","","","","","","","","","","","","","","","","","","","","","","","","","","","","","","","","","","","","","","","","","","","","","","829","671"
"2011 Q2","94","204","83","75","19","68","15","","","","","10982","","","","","3110","","","","","","","","","","","","","","","","","9712","","","","","6102","","","","","","","","","","","","","3346","75","19","2355","704","92","6","2","","","","","","","","","","","","","","","","","","","","","","","","","","","","","","","","","","","","","","","","","","","","","","","","","","","","","","","","","2571","775"
"2011 Q3","97","75","87","77","22","68","17","","","","","6816","","","","","3620","","","","","","","","","","","","","","","","","5108","","","","","1887","","","","","","","","","","","","","1452","71","26","828","462","89","5","6","","","","","","","","","","","","","","","","","","","","","","","","","","","","","","","","","","","","","","","","","","","","","","","","","","","","","","","","","941","511"
"2011 Q4","106","200","44","64","21","47","22","","","","","12588","","","","","4113","","","","","","","","","","","","","","","","","12382","","","","","2834","","","","","","","","","","","","","1791","79","27","697","850","87","11","2","","","","","","","","","","","","","","","","","","","","","","","","","","","","","","","","","","","","","","","","","","","","","","","","","","","","","","","","","924","867"
"2012 Q1","62","323","30","25","8","51","8","","","","","772","","","","","2122","","","","","","","","","","","","","","","","","4235","","","","","","","","","","","","","","","","","","1070","49","13","518","199","67","30","3","","","","","","","","","","","","","","","","","","","","","","","","","","","","","","","","","","","","","","","","","","","","","","","","","","","","","","","","","871","199"
"2012 Q2","81","54","143","41","14","48","7","","","","","6243","","","","","1375","","","","","","","","","","","","","","","","","2514","","","","","","","","","","","","","","","","","","1041","65","16","575","269","81","5","14","","","","","","","","","","","","","","","","","","","","","","","","","","","","","","","","","","","","","","","","","","","","","","","","","","","","","","","","","695","346"
"2012 Q3","62","8","93","21","7","39","4","","","","","8231","","","","","632","","","","","","","","","","","","","","","","","8778","","","","","","","","","","","","","","","","","","610","55","7","409","100","84","1","15","","","","","","","","","","","","","","","","","","","","","","","","","","","","","","","","","","","","","","","","","","","","","","","","","","","","","","","","","510","100"
"2012 Q4","61","34","2","35","11","23","8","","","","","2687","","","","","","","","","","","","","","","","","","","","","","1887","","","","","1150","","","","","","","","","","","","","692","47","14","435","221","95","5","0","","","","","","","","","","","","","","","","","","","","","","","","","","","","","","","","","","","","","","","","","","","","","","","","","","","","","","","","","460","232"
"2013 Q1","39","26","16","27","10","19","4","","","","","1977","","","","","5546","","","","","","","","","","","","","","","","","3528","","","","","89","","","","","","","","","","","","","2825","23","16","567","2216","98","1","1","","","","","","","","","","","","","","","","","","","","","","","","","","","","","","","","","","","","","","","","","","","","","","","","","","","","","","","","","593","2232"
"2013 Q2","68","80","50","13","13","33","8","","","","","1045","","","","","3572","","","","","","","","","","","","","","","","","23506","","","","","710","","","","","","","","","","","","","2438","53","15","1992","316","95","3","2","","","","","","","","","","","","","","","","","","","","","","","","","","","","","","","","","","","","","","","","","","","","","","","","","","","","","","","","","2104","334"
"2013 Q3","72","230","17","7","5","59","8","","","","","474","","","","","439","","","","","","","","","","","","","","","","","2783","","","","","623","","","","","","","","","","","","","1166","55","17","587","332","79","20","1","","","","","","","","","","","","","","","","","","","","","","","","","","","","","","","","","","","","","","","","","","","","","","","","","","","","","","","","","829","337"
"2013 Q4","59","17","64","11","","30","6","","","","","","","","","","","","","","","","","","","","","","","","","","","2022","","","","","491","","","","","","","","","","","","","1236","44","15","544","611","94","1","5","","","","","","","","","","","","","","","","","","","","","","","","","","","","","","","","","","","","","","","","","","","","","","","","","","","","","","","","","609","627"
"2014 Q1","40","612","2","30","","29","","","","","","1944","","","","","","","","","","","","","","","","","","","","","","5569","","","","","","","","","","","","","","","","","","1613","32","8","896","103","62","38","0","","","","","","","","","","","","","","","","","","","","","","","","","","","","","","","","","","","","","","","","","","","","","","","","","","","","","","","","","1491","122"
"2014 Q2","51","50","45","25","20","28","","","","","","2481","","","","","2422","","","","","","","","","","","","","","","","","1864","","","","","","","","","","","","","","","","","","1625","37","14","478","1051","94","3","3","","","","","","","","","","","","","","","","","","","","","","","","","","","","","","","","","","","","","","","","","","","","","","","","","","","","","","","","","490","1136"
"2014 Q3","42","2019","0","23","","25","9","","","","","4470","","","","","","","","","","","","","","","","","","","","","","3668","","","","","1280","","","","","","","","","","","","","3152","32","10","476","656","36","64","0","","","","","","","","","","","","","","","","","","","","","","","","","","","","","","","","","","","","","","","","","","","","","","","","","","","","","","","","","2487","664"
"2014 Q4","56","101","4","35","4","28","6","","","","","11752","","","","","1323","","","","","","","","","","","","","","","","","3940","","","","","601","","","","","","","","","","","","","1642","49","7","1399","137","94","6","0","","","","","","","","","","","","","","","","","","","","","","","","","","","","","","","","","","","","","","","","","","","","","","","","","","","","","","","","","1500","141"
"2015 Q1","47","281","84","49","","28","7","","","","","9391","","","","","","","","","","","","","","","","","","","","","","6047","","","","","802","","","","","","","","","","","","","1755","36","11","1075","314","79","16","5","","","","","","","","","","","","","","","","","","","","","","","","","","","","","","","","","","","","","","","","","","","","","","","","","","","","","","","","","1368","387"
"2015 Q2","59","1019","77","31","","31","10","","","","","11058","","","","","","","","","","","","","","","","","","","","","","9797","","","","","2402","","","","","","","","","","","","","2739","43","16","854","789","60","37","3","","","","","","","","","","","","","","","","","","","","","","","","","","","","","","","","","","","","","","","","","","","","","","","","","","","","","","","","","1687","1052"
"2015 Q3","60","64","2","39","9","37","9","","","","","2103","","","","","1113","","","","","","","","","","","","","","","","","8315","","","","","3502","","","","","","","","","","","","","1195","50","10","666","464","95","5","0","","","","","","","","","","","","","","","","","","","","","","","","","","","","","","","","","","","","","","","","","","","","","","","","","","","","","","","","","727","468"
"2015 Q4","79","54","102","51","16","49","9","","","","","3009","","","","","8606","","","","","","","","","","","","","","","","","9176","","","","","745","","","","","","","","","","","","","1231","65","14","770","304","88","4","8","","","","","","","","","","","","","","","","","","","","","","","","","","","","","","","","","","","","","","","","","","","","","","","","","","","","","","","","","858","373"
"2016 Q1","93","7617","22","38","15","58","","","","","","8774","","","","","1026","","","","","","","","","","","","","","","","","50428","","","","","","","","","","","","","","","","","","11871","","","630","3603","36","64","0","","","","","","","","","","","","","","","","","","","","","","","","","","","","","","","","","","","","","","","","","","","","","","","","","","","","","","","","","",""
"2016 Q2","130","4237","172","35","11","63","10","","","","","1975","","","","","1651","","","","","","","","","","","","","","","","","22701","","","","","641","","","","","","","","","","","","","6780","119","11","1983","388","35","62","3","","","","","","","","","","","","","","","","","","","","","","","","","","","","","","","","","","","","","","","","","","","","","","","","","","","","","","","","","6291","489"
"2016 Q3","115","875","148","46","","65","","","","","","3094","","","","","","","","","","","","","","","","","","","","","","31655","","","","","","","","","","","","","","","","","","3575","96","19","1610","943","71","24","5","","","","","","","","","","","","","","","","","","","","","","","","","","","","","","","","","","","","","","","","","","","","","","","","","","","","","","","","","2615","960"
"2016 Q4","90","742","76","22","","76","13","","","","","3449","","","","","","","","","","","","","","","","","","","","","","85184","","","","","3927","","","","","","","","","","","","","2462","","","1270","374","67","30","3","","","","","","","","","","","","","","","","","","","","","","","","","","","","","","","","","","","","","","","","","","","","","","","","","","","","","","","","","",""
"2017 Q1","97","138","122","46","15","70","11","","","","","2587","","","","","1412","","","","","","","","","","","","","","","","","9461","","","","","1878","","","","","","","","","","","","","3295","83","14","2615","419","92","4","4","","","","","","","","","","","","","","","","","","","","","","","","","","","","","","","","","","","","","","","","","","","","","","","","","","","","","","","","","2658","636"
"2017 Q2","114","136","92","35","16","68","20","","","","","18548","","","","","2050","","","","","","","","","","","","","","","","","4727","","","","","3809","","","","","","","","","","","","","4855","","","","","","3","2","","","","","","","","","","","","","","","","","","","","","","","","","","","","","","","","","","","","","","","","","","","","","","","","","","","","","","","","","",""
"2017 Q3","99","","","47","17","77","17","","","","","51773","","","","","6507","","","","","","","","","","","","","","","","","17480","","","","","6463","","","","","","","","","","","","","5379","92","7","","","","","","","","","","","","","","","","","","","","","","","","","","","","","","","","","","","","","","","","","","","","","","","","","","","","","","","","","","","","","","5308","70"
"2017 Q4","54","","","27","8","44","7","","","","","4617","","","","","511","","","","","","","","","","","","","","","","","3559","","","","","1066","","","","","","","","","","","","","5254","","","1922","390","44","","","","","","","","","","","","","","","","","","","","","","","","","","","","","","","","","","","","","","","","","","","","","","","","","","","","","","","","","","","",""
"2018 Q1","225","","","82","17","176","16","","","","","6159","","","","","2573","","","","","","","","","","","","","","","","","25502","","","","","7340","","","","","","","","","","","","","7176","111","114","1936","1957","54","","","","","","","","","","","","","","","","","","","","","","","","","","","","","","","","","","","","","","","","","","","","","","","","","","","","","","","","","","","5119","2057"
"2018 Q2","212","","0","74","14","173","23","","","","","2710","","","","","2907","","","","","","","","","","","","","","","","","7067","","","","","3078","","","","","","","","","","","","","11941","126","86","2809","2424","44","","0","","","","","","","","","","","","","","","","","","","","","","","","","","","","","","","","","","","","","","","","","","","","","","","","","","","","","","","","","9436","2505"
"2018 Q3","220","45","0","67","12","117","18","","","","","4457","","","","","5032","","","","","","","","","","","","","","","","","7374","","","","","4650","","","","","","","","","","","","","2991","136","84","1687","1259","98","2","0","","","","","","","","","","","","","","","","","","","","","","","","","","","","","","","","","","","","","","","","","","","","","","","","","","","","","","","","","1720","1271"
"2018 Q4","303","","0","78","5","137","14","","","","","10482","","","","","1589","","","","","","","","","","","","","","","","","38844","","","","","1864","","","","","","","","","","","","","5624","168","135","1201","2847","72","","0","","","","","","","","","","","","","","","","","","","","","","","","","","","","","","","","","","","","","","","","","","","","","","","","","","","","","","","","","2771","2852"
"2019 Q1","244","54","0","88","14","134","36","","","","","7927","","","","","1238","","","","","","","","","","","","","","","","","7103","","","","","1894","","","","","","","","","","","","","2054","134","110","1009","991","97","3","0","","","","","","","","","","","","","","","","","","","","","","","","","","","","","","","","","","","","","","","","","","","","","","","","","","","","","","","","","1013","1041"
"2019 Q2","221","","0","58","14","165","37","","","","","1658","","","","","700","","","","","","","","","","","","","","","","","18683","","","","","886","","","","","","","","","","","","","2689","115","106","772","543","49","","","","","","","","","","","","","","","","","","","","","","","","","","","","","","","","","","","","","","","","","","","","","","","","","","","","","","","","","","","2130","559"
"2019 Q3","217","81","0","57","27","161","38","","","","","9270","","","","","10088","","","","","","","","","","","","","","","","","14065","","","","","5781","","","","","","","","","","","","","1701","105","112","812","808","95","5","0","","","","","","","","","","","","","","","","","","","","","","","","","","","","","","","","","","","","","","","","","","","","","","","","","","","","","","","","","813","888"
"2019 Q4","229","","0","58","13","149","35","","","","","3033","","","","","605","","","","","","","","","","","","","","","","","15705","","","","","3981","","","","","","","","","","","","","2596","126","103","1012","762","68","","","","","","","","","","","","","","","","","","","","","","","","","","","","","","","","","","","","","","","","","","","","","","","","","","","","","","","","","","","1749","848"
"2020 Q1","251","","","81","15","152","31","","","","","3911","","","","","5988","","","","","","","","","","","","","","","","","5030","","","","","1197","","","","","","","","","","","","","3255","136","115","698","2063","82","","","","","","","","","","","","","","","","","","","","","","","","","","","","","","","","","","","","","","","","","","","","","","","","","","","","","","","","","","","1030","2225"
"2020 Q2","164","","","30","4","81","19","","","","","5418","","","","","8388","","","","","","","","","","","","","","","","","2779","","","","","1257","","","","","","","","","","","","","940","67","97","247","680","99","","","","","","","","","","","","","","","","","","","","","","","","","","","","","","","","","","","","","","","","","","","","","","","","","","","","","","","","","","","248","692"
"2020 Q3","185","","","45","7","97","29","","","","","1710","","","","","168","","","","","","","","","","","","","","","","","5381","","","","","683","","","","","","","","","","","","","4371","109","76","828","1616","56","","","","","","","","","","","","","","","","","","","","","","","","","","","","","","","","","","","","","","","","","","","","","","","","","","","","","","","","","","","833","3538"
"2020 Q4","217","","","53","15","162","23","","","","","4445","","","","","12995","","","","","","","","","","","","","","","","","5970","","","","","410","","","","","","","","","","","","","9085","121","96","1618","2476","45","","","","","","","","","","","","","","","","","","","","","","","","","","","","","","","","","","","","","","","","","","","","","","","","","","","","","","","","","","","6506","2579"
"2021 Q1","314","","","75","5","221","46","","","","","2021","","","","","2445","","","","","","","","","","","","","","","","","14986","","","","","9017","","","","","","","","","","","","","5139","183","131","2433","2064","87","","","","","","","","","","","","","","","","","","","","","","","","","","","","","","","","","","","","","","","","","","","","","","","","","","","","","","","","","","","2470","2669"
"2021 Q2","246","","","82","7","172","40","","","","","8417","","","","","4976","","","","","","","","","","","","","","","","","32924","","","","","17392","","","","","","","","","","","","","17910","149","97","1226","9583","60","","","","","","","","","","","","","","","","","","","","","","","","","","","","","","","","","","","","","","","","","","","","","","","","","","","","","","","","","","","1382","16529"
"2021 Q3","335","","","83","11","200","48","","","","","32072","","","","","3328","","","","","","","","","","","","","","","","","12513","","","","","3124","","","","","","","","","","","","","3149","181","154","1600","1517","99","","","","","","","","","","","","","","","","","","","","","","","","","","","","","","","","","","","","","","","","","","","","","","","","","","","","","","","","","","","1626","1524"
"2021 Q4","303","","","71","12","196","24","","","","","3380","","","","","2095","","","","","","","","","","","","","","","","","16258","","","","","1707","","","","","","","","","","","","","4204","161","142","1611","2463","99","","","","","","","","","","","","","","","","","","","","","","","","","","","","","","","","","","","","","","","","","","","","","","","","","","","","","","","","","","","1617","2587"
"2022 Q1","230","","","94","14","220","52","","","","","3062","","","","","341","","","","","","","","","","","","","","","","","16761","","","","","6661","","","","","","","","","","","","","4419","113","117","2196","2115","98","","","","","","","","","","","","","","","","","","","","","","","","","","","","","","","","","","","","","","","","","","","","","","","","","","","","","","","","","","","2277","2142"
"2022 Q2","254","","","74","15","198","31","","","","","4706","","","","","3637","","","","","","","","","","","","","","","","","12067","","","","","5064","","","","","","","","","","","","","3474","130","124","1905","1071","86","","","","","","","","","","","","","","","","","","","","","","","","","","","","","","","","","","","","","","","","","","","","","","","","","","","","","","","","","","","2093","1381"
"2022 Q3","236","","","79","8","207","35","","","","","8304","","","","","1183","","","","","","","","","","","","","","","","","22400","","","","","2128","","","","","","","","","","","","","2476","114","122","758","1666","98","","","","","","","","","","","","","","","","","","","","","","","","","","","","","","","","","","","","","","","","","","","","","","","","","","","","","","","","","","","769","1707"
"2022 Q4","259","","","63","8","185","49","","","","","10140","","","","","652","","","","","","","","","","","","","","","","","5822","","","","","2493","","","","","","","","","","","","","3882","109","150","1572","1430","77","","","","","","","","","","","","","","","","","","","","","","","","","","","","","","","","","","","","","","","","","","","","","","","","","","","","","","","","","","","2350","1532"
"2023 Q1","210","","","69","6","184","35","","","","","4735","","","","","1853","","","","","","","","","","","","","","","","","11711","","","","","1079","","","","","","","","","","","","","2072","115","95","895","904","87","","","","","","","","","","","","","","","","","","","","","","","","","","","","","","","","","","","","","","","","","","","","","","","","","","","","","","","","","","","899","1173"
"2023 Q2","256","","","75","","178","44","","","","","2161","","","","","","","","","","","","","","","","","","","","","","5977","","","","","2108","","","","","","","","","","","","","2581","150","106","1232","1347","100","","","","","","","","","","","","","","","","","","","","","","","","","","","","","","","","","","","","","","","","","","","","","","","","","","","","","","","","","","","1234","1347"
"2023 Q3","187","","","85","","149","43","","","","","2139","","","","","","","","","","","","","","","","","","","","","","4775","","","","","1545","","","","","","","","","","","","","2620","101","86","756","874","62","","","","","","","","","","","","","","","","","","","","","","","","","","","","","","","","","","","","","","","","","","","","","","","","","","","","","","","","","","","778","1842"
"2023 Q4","207","","","66","6","171","43","","","","","3466","","","","","936","","","","","","","","","","","","","","","","","10129","","","","","1284","","","","","","","","","","","","","2987","118","89","1481","1459","98","","","","","","","","","","","","","","","","","","","","","","","","","","","","","","","","","","","","","","","","","","","","","","","","","","","","","","","","","","","1527","1461"
"2024 Q1","263","","","78","7","179","54","","","","","4711","","","","","11796","","","","","","","","","","","","","","","","","6363","","","","","1324","","","","","","","","","","","","","3244","157","106","803","541","41","","","","","","","","","","","","","","","","","","","","","","","","","","","","","","","","","","","","","","","","","","","","","","","","","","","","","","","","","","","2702","541"
"2024 Q2","206","","","82","6","176","42","","","","","4543","","","","","1447","","","","","","","","","","","","","","","","","4577","","","","","1990","","","","","","","","","","","","","2830","124","82","818","1888","96","","","","","","","","","","","","","","","","","","","","","","","","","","","","","","","","","","","","","","","","","","","","","","","","","","","","","","","","","","","839","1992"
"2024 Q3","199","","","66","14","213","36","","","","","3802","","","","","443","","","","","","","","","","","","","","","","","11457","","","","","2873","","","","","","","","","","","","","4470","142","57","1296","635","43","","","","","","","","","","","","","","","","","","","","","","","","","","","","","","","","","","","","","","","","","","","","","","","","","","","","","","","","","","","3829","641"
"2024 Q4","231","","","77","12","189","29","","","","","1832","","","","","7400","","","","","","","","","","","","","","","","","3952","","","","","1521","","","","","","","","","","","","","6373","196","35","5284","997","98","","","","","","","","","","","","","","","","","","","","","","","","","","","","","","","","","","","","","","","","","","","","","","","","","","","","","","","","","","","5296","1077"
"2025 Q1","183","","","71","11","190","45","","","","","7973","","","","","2290","","","","","","","","","","","","","","","","","20275","","","","","2258","","","","","","","","","","","","","3108","159","24","2616","381","96","","","","","","","","","","","","","","","","","","","","","","","","","","","","","","","","","","","","","","","","","","","","","","","","","","","","","","","","","","","2728","381"
"2025 Q2","241","","","84","11","203","45","","","","","3555","","","","","695","","","","","","","","","","","","","","","","","9725","","","","","9002","","","","","","","","","","","","","3367","206","35","2234","551","83","","","","","","","","","","","","","","","","","","","","","","","","","","","","","","","","","","","","","","","","","","","","","","","","","","","","","","","","","","","2804","563"
"2025 Q3","166","","","86","20","170","35","","","","","3513","","","","","886","","","","","","","","","","","","","","","","","6892","","","","","3851","","","","","","","","","","","","","7568","142","24","3633","272","52","","","","","","","","","","","","","","","","","","","","","","","","","","","","","","","","","","","","","","","","","","","","","","","","","","","","","","","","","","","7295","273"
"2025 Q4","167","","","84","15","244","55","","","","","2934","","","","","2876","","","","","","","","","","","","","","","","","32910","","","","","4766","","","","","","","","","","","","","1937","144","23","1344","511","96","","","","","","","","","","","","","","","","","","","","","","","","","","","","","","","","","","","","","","","","","","","","","","","","","","","","","","","","","","","1426","511"
"2026 Q1","117","","","72","7","163","35","","","","","4658","","","","","2599","","","","","","","","","","","","","","","","","14173","","","","","2536","","","","","","","","","","","","","1546","98","19","799","397","77","","","","","","","","","","","","","","","","","","","","","","","","","","","","","","","","","","","","","","","","","","","","","","","","","","","","","","","","","","","1125","421"
